{
  "display": {
    "icon": {
      "id": "minecraft:yellow_wool"
    },
    "title": {
      "translate": "An Ewe for Every Hue"
    },
    "description": {
      "translate": "Have every color of a Sheep on a lead",
      "color": "#75E1FF"
    },
    "frame": "goal",
    "announce_to_chat": true
  },
  "parent": "blazeandcave:animal/have_a_shearful_day",
  "criteria": {
    "white": {
      "trigger": "minecraft:player_interacted_with_entity",
      "conditions": {
        "item": {
          "items": [
            "minecraft:lead"
          ]
        },
        "entity": {
          "type": "minecraft:sheep",
          "nbt": "{Color:0b}"
        }
      }
    },
    "orange": {
      "trigger": "minecraft:player_interacted_with_entity",
      "conditions": {
        "item": {
          "items": [
            "minecraft:lead"
          ]
        },
        "entity": {
          "type": "minecraft:sheep",
          "nbt": "{Color:1b}"
        }
      }
    },
    "magenta": {
      "trigger": "minecraft:player_interacted_with_entity",
      "conditions": {
        "item": {
          "items": [
            "minecraft:lead"
          ]
        },
        "entity": {
          "type": "minecraft:sheep",
          "nbt": "{Color:2b}"
        }
      }
    },
    "light_blue": {
      "trigger": "minecraft:player_interacted_with_entity",
      "conditions": {
        "item": {
          "items": [
            "minecraft:lead"
          ]
        },
        "entity": {
          "type": "minecraft:sheep",
          "nbt": "{Color:3b}"
        }
      }
    },
    "yellow": {
      "trigger": "minecraft:player_interacted_with_entity",
      "conditions": {
        "item": {
          "items": [
            "minecraft:lead"
          ]
        },
        "entity": {
          "type": "minecraft:sheep",
          "nbt": "{Color:4b}"
        }
      }
    },
    "lime": {
      "trigger": "minecraft:player_interacted_with_entity",
      "conditions": {
        "item": {
          "items": [
            "minecraft:lead"
          ]
        },
        "entity": {
          "type": "minecraft:sheep",
          "nbt": "{Color:5b}"
        }
      }
    },
    "rose": {
      "trigger": "minecraft:player_interacted_with_entity",
      "conditions": {
        "item": {
          "items": [
            "minecraft:lead"
          ]
        },
        "entity": {
          "type": "minecraft:sheep",
          "nbt": "{Color:6b}"
        }
      }
    },
    "gray": {
      "trigger": "minecraft:player_interacted_with_entity",
      "conditions": {
        "item": {
          "items": [
            "minecraft:lead"
          ]
        },
        "entity": {
          "type": "minecraft:sheep",
          "nbt": "{Color:7b}"
        }
      }
    },
    "light_gray": {
      "trigger": "minecraft:player_interacted_with_entity",
      "conditions": {
        "item": {
          "items": [
            "minecraft:lead"
          ]
        },
        "entity": {
          "type": "minecraft:sheep",
          "nbt": "{Color:8b}"
        }
      }
    },
    "cyan": {
      "trigger": "minecraft:player_interacted_with_entity",
      "conditions": {
        "item": {
          "items": [
            "minecraft:lead"
          ]
        },
        "entity": {
          "type": "minecraft:sheep",
          "nbt": "{Color:9b}"
        }
      }
    },
    "purple": {
      "trigger": "minecraft:player_interacted_with_entity",
      "conditions": {
        "item": {
          "items": [
            "minecraft:lead"
          ]
        },
        "entity": {
          "type": "minecraft:sheep",
          "nbt": "{Color:10b}"
        }
      }
    },
    "blue": {
      "trigger": "minecraft:player_interacted_with_entity",
      "conditions": {
        "item": {
          "items": [
            "minecraft:lead"
          ]
        },
        "entity": {
          "type": "minecraft:sheep",
          "nbt": "{Color:11b}"
        }
      }
    },
    "brown": {
      "trigger": "minecraft:player_interacted_with_entity",
      "conditions": {
        "item": {
          "items": [
            "minecraft:lead"
          ]
        },
        "entity": {
          "type": "minecraft:sheep",
          "nbt": "{Color:12b}"
        }
      }
    },
    "green": {
      "trigger": "minecraft:player_interacted_with_entity",
      "conditions": {
        "item": {
          "items": [
            "minecraft:lead"
          ]
        },
        "entity": {
          "type": "minecraft:sheep",
          "nbt": "{Color:13b}"
        }
      }
    },
    "red": {
      "trigger": "minecraft:player_interacted_with_entity",
      "conditions": {
        "item": {
          "items": [
            "minecraft:lead"
          ]
        },
        "entity": {
          "type": "minecraft:sheep",
          "nbt": "{Color:14b}"
        }
      }
    },
    "black": {
      "trigger": "minecraft:player_interacted_with_entity",
      "conditions": {
        "item": {
          "items": [
            "minecraft:lead"
          ]
        },
        "entity": {
          "type": "minecraft:sheep",
          "nbt": "{Color:15b}"
        }
      }
    }
  },
  "rewards": {
    "function": "bacaped_rewards:animal/a_ewe_for_every_hue"
  }
}