{
  "display": {
    "icon": {
      "id": "minecraft:player_head",
      "components": {
        "minecraft:profile": {
          "id": [
            1464594425,
            -2027929257,
            -1513589630,
            -714783694
          ],
          "properties": [
            {
              "name": "textures",
              "value": "eyJ0ZXh0dXJlcyI6eyJTS0lOIjp7InVybCI6Imh0dHA6Ly90ZXh0dXJlcy5taW5lY3JhZnQubmV0L3RleHR1cmUvYTdmMzgxYTIwYTljNjQwNDI4MDc3MDcwY2M3YmQ5NWQ2ODg1OTJkMTEwNGNjYmNkNzEzNjQ5YTQ5ZTQxZWJmYiJ9fX0="
            }
          ]
        }
      }
    },
    "title": {
      "translate": "Air Balloon"
    },
    "description": {
      "translate": "Leash a Bee while you have the levitation effect",
      "color": "#75E1FF"
    },
    "frame": "goal",
    "announce_to_chat": true,
    "hidden": false
  },
  "parent": "blazeandcave:animal/not_the_bees",
  "criteria": {
    "leash_bee": {
      "trigger": "minecraft:player_interacted_with_entity",
      "conditions": {
        "player": {
          "effects": {
            "minecraft:levitation": {}
          }
        },
        "item": {
          "items": "minecraft:lead"
        },
        "entity": {
          "type": "minecraft:bee"
        }
      }
    }
  },
  "rewards": {
    "function": "bacaped_rewards:animal/air_balloon"
  }
}