{
  "display": {
    "icon": {
      "id": "minecraft:player_head",
      "components": {
        "minecraft:profile": {
          "id": [
            -1069097597,
            -295286795,
            -1546471468,
            1435082376
          ],
          "properties": [
            {
              "name": "textures",
              "value": "eyJ0ZXh0dXJlcyI6eyJTS0lOIjp7InVybCI6Imh0dHA6Ly90ZXh0dXJlcy5taW5lY3JhZnQubmV0L3RleHR1cmUvYjE3MDI5OWFhZTBmOGE5YjU0NTgwYjYxMmZmNzhiNzgwYTk0ZDJkMDZiOWI2MDllNjc0M2Y2MmVjZGY4ZDdhYSJ9fX0="
            }
          ]
        }
      }
    },
    "title": {
      "translate": "Beezlebooster"
    },
    "description": {
      "translate": "Die from a Bee that is 350 blocks above the world"
    },
    "frame": "challenge",
    "announce_to_chat": true
  },
  "parent": "bacaped:animal/air_balloon",
  "criteria": {
    "trigger": {
      "trigger": "minecraft:entity_killed_player",
      "conditions": {
        "player": {
          "location": {
            "position": {
              "y": {
                "min": 350
              }
            }
          }
        },
        "entity": {
          "type": "minecraft:bee"
        }
      }
    }
  },
  "rewards": {
    "function": "bacaped_rewards:animal/beezlebooster"
  }
}