{
  "display": {
    "icon": {
      "id": "minecraft:salmon_bucket",
      "components": {
        "minecraft:enchantment_glint_override": true
      }
    },
    "title": {
      "translate": "Full Catch"
    },
    "description": {
      "translate": "Catch every size of Salmon in buckets",
      "color": "#75E1FF"
    },
    "frame": "goal",
    "announce_to_chat": true
  },
  "parent": "minecraft:husbandry/tactical_fishing",
  "criteria": {
    "small": {
      "trigger": "minecraft:player_interacted_with_entity",
      "conditions": {
        "item": {
          "items": "minecraft:water_bucket"
        },
        "entity": {
          "type": "minecraft:salmon",
          "components": {
            "minecraft:salmon/size": "small"
          }
        }
      }
    },
    "medium": {
      "trigger": "minecraft:player_interacted_with_entity",
      "conditions": {
        "item": {
          "items": "minecraft:water_bucket"
        },
        "entity": {
          "type": "minecraft:salmon",
          "components": {
            "minecraft:salmon/size": "medium"
          }
        }
      }
    },
    "large": {
      "trigger": "minecraft:player_interacted_with_entity",
      "conditions": {
        "item": {
          "items": "minecraft:water_bucket"
        },
        "entity": {
          "type": "minecraft:salmon",
          "components": {
            "minecraft:salmon/size": "large"
          }
        }
      }
    }
  },
  "rewards": {
    "function": "bacaped_rewards:animal/full_catch"
  }
}