{
  "display": {
    "icon": {
      "id": "minecraft:magenta_wool"
    },
    "title": {
      "translate": "More Colorful Wool!"
    },
    "description": {
      "translate": "Place a stack of wool of every color"
    },
    "frame": "challenge",
    "announce_to_chat": true
  },
  "parent": "blazeandcave:animal/fuzzy_feet",
  "criteria": {
    "white_wool": {
      "trigger": "minecraft:placed_block",
      "conditions": {
        "location": [
          {
            "condition": "minecraft:entity_properties",
            "entity": "this",
            "predicate": {
              "type_specific": {
                "type": "player",
                "stats": [
                  {
                    "type": "minecraft:used",
                    "stat": "minecraft:white_wool",
                    "value": {
                      "min": 63
                    }
                  }
                ]
              }
            }
          }
        ]
      }
    },
    "light_gray_wool": {
      "trigger": "minecraft:placed_block",
      "conditions": {
        "location": [
          {
            "condition": "minecraft:entity_properties",
            "entity": "this",
            "predicate": {
              "type_specific": {
                "type": "player",
                "stats": [
                  {
                    "type": "minecraft:used",
                    "stat": "minecraft:light_gray_wool",
                    "value": {
                      "min": 63
                    }
                  }
                ]
              }
            }
          }
        ]
      }
    },
    "gray_wool": {
      "trigger": "minecraft:placed_block",
      "conditions": {
        "location": [
          {
            "condition": "minecraft:entity_properties",
            "entity": "this",
            "predicate": {
              "type_specific": {
                "type": "player",
                "stats": [
                  {
                    "type": "minecraft:used",
                    "stat": "minecraft:gray_wool",
                    "value": {
                      "min": 63
                    }
                  }
                ]
              }
            }
          }
        ]
      }
    },
    "black_wool": {
      "trigger": "minecraft:placed_block",
      "conditions": {
        "location": [
          {
            "condition": "minecraft:entity_properties",
            "entity": "this",
            "predicate": {
              "type_specific": {
                "type": "player",
                "stats": [
                  {
                    "type": "minecraft:used",
                    "stat": "minecraft:black_wool",
                    "value": {
                      "min": 63
                    }
                  }
                ]
              }
            }
          }
        ]
      }
    },
    "brown_wool": {
      "trigger": "minecraft:placed_block",
      "conditions": {
        "location": [
          {
            "condition": "minecraft:entity_properties",
            "entity": "this",
            "predicate": {
              "type_specific": {
                "type": "player",
                "stats": [
                  {
                    "type": "minecraft:used",
                    "stat": "minecraft:brown_wool",
                    "value": {
                      "min": 63
                    }
                  }
                ]
              }
            }
          }
        ]
      }
    },
    "red_wool": {
      "trigger": "minecraft:placed_block",
      "conditions": {
        "location": [
          {
            "condition": "minecraft:entity_properties",
            "entity": "this",
            "predicate": {
              "type_specific": {
                "type": "player",
                "stats": [
                  {
                    "type": "minecraft:used",
                    "stat": "minecraft:red_wool",
                    "value": {
                      "min": 63
                    }
                  }
                ]
              }
            }
          }
        ]
      }
    },
    "orange_wool": {
      "trigger": "minecraft:placed_block",
      "conditions": {
        "location": [
          {
            "condition": "minecraft:entity_properties",
            "entity": "this",
            "predicate": {
              "type_specific": {
                "type": "player",
                "stats": [
                  {
                    "type": "minecraft:used",
                    "stat": "minecraft:orange_wool",
                    "value": {
                      "min": 63
                    }
                  }
                ]
              }
            }
          }
        ]
      }
    },
    "yellow_wool": {
      "trigger": "minecraft:placed_block",
      "conditions": {
        "location": [
          {
            "condition": "minecraft:entity_properties",
            "entity": "this",
            "predicate": {
              "type_specific": {
                "type": "player",
                "stats": [
                  {
                    "type": "minecraft:used",
                    "stat": "minecraft:yellow_wool",
                    "value": {
                      "min": 63
                    }
                  }
                ]
              }
            }
          }
        ]
      }
    },
    "lime_wool": {
      "trigger": "minecraft:placed_block",
      "conditions": {
        "location": [
          {
            "condition": "minecraft:entity_properties",
            "entity": "this",
            "predicate": {
              "type_specific": {
                "type": "player",
                "stats": [
                  {
                    "type": "minecraft:used",
                    "stat": "minecraft:lime_wool",
                    "value": {
                      "min": 63
                    }
                  }
                ]
              }
            }
          }
        ]
      }
    },
    "green_wool": {
      "trigger": "minecraft:placed_block",
      "conditions": {
        "location": [
          {
            "condition": "minecraft:entity_properties",
            "entity": "this",
            "predicate": {
              "type_specific": {
                "type": "player",
                "stats": [
                  {
                    "type": "minecraft:used",
                    "stat": "minecraft:green_wool",
                    "value": {
                      "min": 63
                    }
                  }
                ]
              }
            }
          }
        ]
      }
    },
    "cyan_wool": {
      "trigger": "minecraft:placed_block",
      "conditions": {
        "location": [
          {
            "condition": "minecraft:entity_properties",
            "entity": "this",
            "predicate": {
              "type_specific": {
                "type": "player",
                "stats": [
                  {
                    "type": "minecraft:used",
                    "stat": "minecraft:cyan_wool",
                    "value": {
                      "min": 63
                    }
                  }
                ]
              }
            }
          }
        ]
      }
    },
    "light_blue_wool": {
      "trigger": "minecraft:placed_block",
      "conditions": {
        "location": [
          {
            "condition": "minecraft:entity_properties",
            "entity": "this",
            "predicate": {
              "type_specific": {
                "type": "player",
                "stats": [
                  {
                    "type": "minecraft:used",
                    "stat": "minecraft:light_blue_wool",
                    "value": {
                      "min": 63
                    }
                  }
                ]
              }
            }
          }
        ]
      }
    },
    "blue_wool": {
      "trigger": "minecraft:placed_block",
      "conditions": {
        "location": [
          {
            "condition": "minecraft:entity_properties",
            "entity": "this",
            "predicate": {
              "type_specific": {
                "type": "player",
                "stats": [
                  {
                    "type": "minecraft:used",
                    "stat": "minecraft:blue_wool",
                    "value": {
                      "min": 63
                    }
                  }
                ]
              }
            }
          }
        ]
      }
    },
    "purple_wool": {
      "trigger": "minecraft:placed_block",
      "conditions": {
        "location": [
          {
            "condition": "minecraft:entity_properties",
            "entity": "this",
            "predicate": {
              "type_specific": {
                "type": "player",
                "stats": [
                  {
                    "type": "minecraft:used",
                    "stat": "minecraft:purple_wool",
                    "value": {
                      "min": 63
                    }
                  }
                ]
              }
            }
          }
        ]
      }
    },
    "magenta_wool": {
      "trigger": "minecraft:placed_block",
      "conditions": {
        "location": [
          {
            "condition": "minecraft:entity_properties",
            "entity": "this",
            "predicate": {
              "type_specific": {
                "type": "player",
                "stats": [
                  {
                    "type": "minecraft:used",
                    "stat": "minecraft:magenta_wool",
                    "value": {
                      "min": 63
                    }
                  }
                ]
              }
            }
          }
        ]
      }
    },
    "pink_wool": {
      "trigger": "minecraft:placed_block",
      "conditions": {
        "location": [
          {
            "condition": "minecraft:entity_properties",
            "entity": "this",
            "predicate": {
              "type_specific": {
                "type": "player",
                "stats": [
                  {
                    "type": "minecraft:used",
                    "stat": "minecraft:pink_wool",
                    "value": {
                      "min": 63
                    }
                  }
                ]
              }
            }
          }
        ]
      }
    }
  },
  "rewards": {
    "function": "bacaped_rewards:animal/more_colorful_wool"
  }
}