{
  "display": {
    "icon": {
      "id": "minecraft:melon"
    },
    "title": {
      "translate": "Ok I Pull Up"
    },
    "description": {
      "translate": "Name an Axolotl \"Capybara\"",
      "color": "green"
    },
    "frame": "task",
    "announce_to_chat": true
  },
  "parent": "blazeandcave:animal/axolittle",
  "criteria": {
    "cabybara": {
      "trigger": "minecraft:player_interacted_with_entity",
      "conditions": {
        "item": {
          "items": [
            "minecraft:name_tag"
          ],
          "components": {
            "minecraft:custom_name": "Capybara"
          }
        },
        "entity": {
          "type": "minecraft:axolotl"
        }
      }
    }
  },
  "rewards": {
    "function": "bacaped_rewards:animal/ok_i_pull_up"
  }
}