{
  "display": {
    "icon": {
      "id": "minecraft:black_carpet"
    },
    "title": {
      "translate": "Skill Issue"
    },
    "description": {
      "translate": "Die to a Llama",
      "color": "#75E1FF"
    },
    "frame": "goal",
    "announce_to_chat": true
  },
  "parent": "blazeandcave:animal/blistering_barnacles",
  "criteria": {
    "trigger": {
      "trigger": "minecraft:entity_killed_player",
      "conditions": {
        "entity": {
          "type": "#blazeandcave:llamas"
        }
      }
    }
  },
  "rewards": {
    "function": "bacaped_rewards:animal/skill_issue"
  }
}