{
  "display": {
    "icon": {
      "id": "minecraft:player_head",
      "components": {
        "minecraft:profile": {
          "id": [
            297343962,
            -1926477975,
            -2098528819,
            158697187
          ],
          "properties": [
            {
              "name": "textures",
              "value": "eyJ0ZXh0dXJlcyI6eyJTS0lOIjp7InVybCI6Imh0dHA6Ly90ZXh0dXJlcy5taW5lY3JhZnQubmV0L3RleHR1cmUvYTlkNzkzNjJlZDdlZmIyNDA4MjJkZjZjMjMzMTNiOTJlZmQyMGMwNjJiMzg1OWUwN2NjNTA4MWEwMTczMTYxIn19fQ=="
            }
          ]
        }
      }
    },
    "title": {
      "translate": "The Invisible Turtle"
    },
    "description": {
      "translate": "Look at a baby Turtle in the snow using a Spyglass",
      "color": "#75E1FF"
    },
    "frame": "goal",
    "announce_to_chat": true
  },
  "parent": "blazeandcave:animal/hey_look_mom",
  "criteria": {
    "trigger": {
      "trigger": "minecraft:using_item",
      "conditions": {
        "player": {
          "type_specific": {
            "type": "player",
            "looking_at": {
              "type": "minecraft:turtle",
              "location": {
                "block": {
                  "blocks": [
                    "minecraft:snow"
                  ]
                }
              },
              "flags": {
                "is_baby": true
              }
            }
          }
        },
        "item": {
          "items": [
            "minecraft:spyglass"
          ]
        }
      }
    }
  },
  "rewards": {
    "function": "bacaped_rewards:animal/the_invisible_turtle"
  }
}