{
  "display": {
    "icon": {
      "id": "minecraft:sugar_cane",
      "components": {
        "minecraft:enchantment_glint_override": true
      }
    },
    "title": {
      "translate": "The Sugar Cane Diet"
    },
    "description": {
      "translate": "Craft sugar from honey",
      "color": "#75E1FF"
    },
    "frame": "goal",
    "announce_to_chat": true
  },
  "parent": "blazeandcave:animal/winnie_the_pooh",
  "criteria": {
    "sugar": {
      "trigger": "minecraft:recipe_crafted",
      "conditions": {
        "recipe_id": "minecraft:sugar_from_honey_bottle"
      }
    }
  },
  "rewards": {
    "function": "bacaped_rewards:animal/the_sugar_cane_diet"
  }
}