{
  "display": {
    "icon": {
      "id": "minecraft:bowl",
      "components": {
        "minecraft:enchantment_glint_override": true
      }
    },
    "title": {
      "translate": "Turtle Bowl"
    },
    "description": {
      "translate": "Kill the Turtle with lightning to get a bowl",
      "color": "dark_purple"
    },
    "frame": "challenge",
    "announce_to_chat": true,
    "hidden": false
  },
  "parent": "blazeandcave:animal/turtle_army",
  "criteria": {
    "bowl": {
      "trigger": "minecraft:channeled_lightning",
      "conditions": {
        "victims": [
          {
            "type": "minecraft:turtle"
          }
        ]
      }
    }
  },
  "rewards": {
    "function": "bacaped_rewards:animal/turtle_bowl"
  }
}