{
  "display": {
    "icon": {
      "id": "minecraft:campfire",
      "components": {
        "minecraft:enchantment_glint_override": true
      }
    },
    "title": {
      "translate": "Smoke Signal"
    },
    "description": {
      "translate": "Place a campfire on a hay bale to make its smoke rise higher into the sky",
      "color": "green"
    },
    "frame": "task",
    "announce_to_chat": true
  },
  "parent": "blazeandcave:building/camping_out",
  "criteria": {
    "trigger": {
      "trigger": "minecraft:placed_block",
      "conditions": {
        "location": [
          {
            "condition": "minecraft:any_of",
            "terms": [
              {
                "condition": "minecraft:all_of",
                "terms": [
                  {
                    "condition": "minecraft:block_state_property",
                    "block": "minecraft:hay_block"
                  },
                  {
                    "condition": "minecraft:location_check",
                    "offsetY": 1,
                    "predicate": {
                      "block": {
                        "blocks": "#minecraft:campfires"
                      }
                    }
                  }
                ]
              },
              {
                "condition": "minecraft:location_check",
                "predicate": {
                  "block": {
                    "blocks": "#minecraft:campfires",
                    "state": {
                      "signal_fire": "true"
                    }
                  }
                }
              }
            ]
          }
        ]
      }
    }
  },
  "rewards": {
    "function": "bacaped_rewards:building/smoke_signal"
  }
}