{
  "display": {
    "icon": {
      "id": "minecraft:chiseled_quartz_block",
      "components": {
        "minecraft:enchantment_glint_override": true
      }
    },
    "title": {
      "translate": "Statue"
    },
    "description": {
      "translate": "Stand on a block of chiseled quartz and look through a spyglass",
      "color": "#75E1FF"
    },
    "frame": "goal",
    "announce_to_chat": true
  },
  "parent": "blazeandcave:building/greek_art_decor",
  "criteria": {
    "statue": {
      "trigger": "minecraft:using_item",
      "conditions": {
        "player": {
          "stepping_on": {
            "block": {
              "blocks": [
                "minecraft:chiseled_quartz_block"
              ]
            }
          }
        },
        "item": {
          "items": [
            "minecraft:spyglass"
          ]
        }
      }
    }
  },
  "rewards": {
    "function": "bacaped_rewards:building/statue"
  }
}