{
  "display": {
    "icon": {
      "id": "minecraft:debug_stick",
      "components": {
        "minecraft:enchantment_glint_override": true
      }
    },
    "title": {
      "translate": "Stickman"
    },
    "description": {
      "translate": "Craft 10,000 sticks"
    },
    "frame": "challenge",
    "announce_to_chat": true
  },
  "parent": "blazeandcave:building/torched",
  "criteria": {
    "stick": {
      "trigger": "minecraft:recipe_crafted",
      "conditions": {
        "player": {
          "type_specific": {
            "type": "minecraft:player",
            "stats": [
              {
                "type": "minecraft:crafted",
                "stat": "minecraft:stick",
                "value": {
                  "min": 9999
                }
              }
            ]
          }
        },
        "recipe_id": "minecraft:stick"
      }
    },
    "stick_from_bamboo": {
      "trigger": "minecraft:recipe_crafted",
      "conditions": {
        "player": {
          "type_specific": {
            "type": "minecraft:player",
            "stats": [
              {
                "type": "minecraft:crafted",
                "stat": "minecraft:stick",
                "value": {
                  "min": 9999
                }
              }
            ]
          }
        },
        "recipe_id": "minecraft:stick_from_bamboo_item"
      }
    }
  },
  "requirements": [
    [
      "stick",
      "stick_from_bamboo"
    ]
  ],
  "rewards": {
    "function": "bacaped_rewards:building/stickman"
  }
}