{
  "display": {
    "icon": {
      "id": "minecraft:bat_spawn_egg",
      "components": {
        "minecraft:enchantment_glint_override": true
      }
    },
    "title": {
      "translate": "Bat-Man"
    },
    "description": {
      "translate": "Kill 64 Bats",
      "color": "#75E1FF"
    },
    "frame": "goal",
    "announce_to_chat": true
  },
  "parent": "blazeandcave:mining/nananananananana",
  "criteria": {
    "shield": {
      "trigger": "minecraft:player_killed_entity",
      "conditions": {
        "player": {
          "type_specific": {
            "type": "player",
            "stats": [
              {
                "type": "minecraft:killed",
                "stat": "minecraft:bat",
                "value": {
                  "min": 63
                }
              }
            ]
          }
        },
        "entity": {
          "type": "minecraft:bat"
        }
      }
    }
  },
  "rewards": {
    "function": "bacaped_rewards:mining/batman"
  }
}