{
  "display": {
    "icon": {
      "id": "minecraft:deepslate_emerald_ore"
    },
    "title": {
      "translate": "Deepslated Miner"
    },
    "description": {
      "translate": "Collect two blocks of deepslate emerald ore"
    },
    "frame": "challenge",
    "announce_to_chat": true
  },
  "parent": "blazeandcave:mining/emerald_miner",
  "criteria": {
    "deepslate_emerald_ore": {
      "trigger": "minecraft:inventory_changed",
      "conditions": {
        "items": [
          {
            "items": [
              "minecraft:deepslate_emerald_ore"
            ],
            "count": {
              "min": 2
            }
          }
        ]
      }
    }
  },
  "rewards": {
    "function": "bacaped_rewards:mining/deepslated_miner"
  }
}