{
  "display": {
    "icon": {
      "id": "minecraft:pointed_dripstone",
      "components": {
        "minecraft:enchantment_glint_override": true
      }
    },
    "title": {
      "translate": "Pointy Problems"
    },
    "description": {
      "translate": "Take damage from a stalactite falling on you",
      "color": "#75E1FF"
    },
    "frame": "goal",
    "announce_to_chat": true
  },
  "parent": "blazeandcave:mining/dripstone_drop",
  "criteria": {
    "trigger": {
      "trigger": "minecraft:entity_hurt_player",
      "conditions": {
        "damage": {
          "type": {
            "direct_entity": {
              "type": "minecraft:falling_block",
              "nbt": "{BlockState: {Name: \"minecraft:pointed_dripstone\"}}"
            }
          }
        }
      }
    }
  },
  "rewards": {
    "function": "bacaped_rewards:mining/pointy_problems"
  }
}