{
  "display": {
    "icon": {
      "id": "minecraft:player_head",
      "components": {
        "minecraft:profile": {
          "id": [
            -1228418290,
            1767981658,
            -1077355550,
            903373370
          ],
          "properties": [
            {
              "name": "textures",
              "value": "eyJ0ZXh0dXJlcyI6eyJTS0lOIjp7InVybCI6Imh0dHA6Ly90ZXh0dXJlcy5taW5lY3JhZnQubmV0L3RleHR1cmUvZTI0NWU0NzYwYWJmMTBmMjkwMDYyNjkxNGNmNDJmODA0NDBjZDUzMDk5YWU1NTI5NTM0ZjU5ODI0MDY3ZGFkNiJ9fX0="
            }
          ]
        }
      }
    },
    "title": {
      "translate": "Absolutely Ablaze Journey"
    },
    "description": {
      "translate": "Ride 100km on a Strider",
      "color": "light_purple"
    },
    "frame": "challenge",
    "announce_to_chat": true,
    "hidden": true
  },
  "parent": "blazeandcave:statistics/this_ride_is_lit_yo",
  "criteria": {
    "trigger": {
      "trigger": "minecraft:location",
      "conditions": {
        "player": {
          "type_specific": {
            "type": "player",
            "stats": [
              {
                "type": "minecraft:custom",
                "stat": "minecraft:strider_one_cm",
                "value": {
                  "min": 10000000
                }
              }
            ]
          }
        }
      }
    }
  },
  "rewards": {
    "function": "bacaped_rewards:statistics/absolutely_ablaze_journey"
  }
}