{
  "display": {
    "icon": {
      "id": "minecraft:brush",
      "components": {
        "minecraft:enchantment_glint_override": true
      }
    },
    "title": {
      "translate": "Ancient Sorcerer Sage"
    },
    "description": {
      "translate": "Enchant 1000 items",
      "color": "light_purple"
    },
    "frame": "challenge",
    "announce_to_chat": true,
    "hidden": true
  },
  "parent": "blazeandcave:statistics/elderly_enchanter",
  "criteria": {
    "trigger": {
      "trigger": "minecraft:enchanted_item",
      "conditions": {
        "player": {
          "type_specific": {
            "type": "minecraft:player",
            "stats": [
              {
                "type": "minecraft:custom",
                "stat": "minecraft:enchant_item",
                "value": {
                  "min": 1000
                }
              }
            ]
          }
        }
      }
    }
  },
  "rewards": {
    "function": "bacaped_rewards:statistics/ancient_sorcerer_sage"
  }
}