{
  "display": {
    "icon": {
      "id": "minecraft:player_head",
      "components": {
        "minecraft:profile": {
          "id": [
            -70406409,
            2020429586,
            -2061631478,
            -1987366588
          ],
          "properties": [
            {
              "name": "textures",
              "value": "eyJ0ZXh0dXJlcyI6eyJTS0lOIjp7InVybCI6Imh0dHA6Ly90ZXh0dXJlcy5taW5lY3JhZnQubmV0L3RleHR1cmUvY2MwOTQwNjRlMGNlOGI2ODAxOTlkMTA5MmQ0Mjg5NDUxMzM4N2NlYzA1MGY2NGQ3YTkyNzk3YmIyYTY0NGJjNyJ9fX0="
            }
          ]
        }
      }
    },
    "title": {
      "translate": "Ascension Ace"
    },
    "description": {
      "translate": "Climb 10km",
      "color": "light_purple"
    },
    "frame": "challenge",
    "hidden": true,
    "announce_to_chat": true
  },
  "parent": "bacaped:statistics/ladder_legend",
  "criteria": {
    "trigger": {
      "trigger": "minecraft:location",
      "conditions": {
        "player": {
          "type_specific": {
            "type": "player",
            "stats": [
              {
                "type": "minecraft:custom",
                "stat": "minecraft:climb_one_cm",
                "value": {
                  "min": 1000000
                }
              }
            ]
          }
        }
      }
    }
  },
  "rewards": {
    "function": "bacaped_rewards:statistics/ascension_ace"
  }
}