{
  "display": {
    "icon": {
      "id": "minecraft:netherite_pickaxe",
      "components": {
        "minecraft:enchantment_glint_override": true
      }
    },
    "title": {
      "translate": "Bedrock Breaker"
    },
    "description": {
      "translate": "Break 100,000 blocks with Netherite Pickaxe",
      "color": "light_purple"
    },
    "frame": "challenge",
    "announce_to_chat": true,
    "hidden": true
  },
  "parent": "bacaped:statistics/diamond_digger",
  "criteria": {
    "trigger": {
      "trigger": "minecraft:location",
      "conditions": {
        "player": {
          "type_specific": {
            "type": "minecraft:player",
            "stats": [
              {
                "type": "minecraft:used",
                "stat": "minecraft:netherite_pickaxe",
                "value": {
                  "min": 100000
                }
              }
            ]
          }
        }
      }
    }
  },
  "rewards": {
    "function": "bacaped_rewards:statistics/bedrock_breaker"
  }
}