{
  "display": {
    "icon": {
      "id": "minecraft:netherite_pickaxe"
    },
    "title": {
      "translate": "Diamond Digger"
    },
    "description": {
      "translate": "Break 10,000 blocks with Netherite Pickaxe"
    },
    "frame": "challenge",
    "announce_to_chat": true
  },
  "parent": "bacaped:statistics/metal_miner",
  "criteria": {
    "trigger": {
      "trigger": "minecraft:location",
      "conditions": {
        "player": {
          "type_specific": {
            "type": "minecraft:player",
            "stats": [
              {
                "type": "minecraft:used",
                "stat": "minecraft:netherite_pickaxe",
                "value": {
                  "min": 10000
                }
              }
            ]
          }
        }
      }
    }
  },
  "rewards": {
    "function": "bacaped_rewards:statistics/diamond_digger"
  }
}