{
  "display": {
    "icon": {
      "id": "minecraft:rabbit",
      "components": {
        "minecraft:enchantment_glint_override": true
      }
    },
    "title": {
      "translate": "Duo Dynamo"
    },
    "description": {
      "translate": "Breed 10,000 animals",
      "color": "light_purple"
    },
    "frame": "challenge",
    "announce_to_chat": true,
    "hidden": true
  },
  "parent": "blazeandcave:statistics/two_by_two",
  "criteria": {
    "trigger": {
      "trigger": "minecraft:bred_animals",
      "conditions": {
        "player": {
          "type_specific": {
            "type": "minecraft:player",
            "stats": [
              {
                "type": "minecraft:custom",
                "stat": "minecraft:animals_bred",
                "value": {
                  "min": 10000
                }
              }
            ]
          }
        }
      }
    }
  },
  "rewards": {
    "function": "bacaped_rewards:statistics/duo_dynamo"
  }
}