{
  "display": {
    "icon": {
      "id": "minecraft:player_head",
      "components": {
        "minecraft:profile": {
          "id": [
            1512165920,
            829050782,
            -1293773608,
            1104070223
          ],
          "properties": [
            {
              "name": "textures",
              "value": "eyJ0ZXh0dXJlcyI6eyJTS0lOIjp7InVybCI6Imh0dHA6Ly90ZXh0dXJlcy5taW5lY3JhZnQubmV0L3RleHR1cmUvZmY3MWFmZDg3ZjdkMmVkZGQyNmY0MzUxYjkxNTYzNTY3NDM0MThjMzRkMTM0OGM5YjNjNWFmYjk5YzZiODMzOSJ9fX0="
            }
          ]
        }
      }
    },
    "title": {
      "translate": "Epic Capital Conqueror"
    },
    "description": {
      "translate": "Trade with Villagers 10,000 times",
      "color": "light_purple"
    },
    "frame": "challenge",
    "announce_to_chat": true,
    "hidden": true
  },
  "parent": "blazeandcave:statistics/stonks",
  "criteria": {
    "trigger": {
      "trigger": "minecraft:villager_trade",
      "conditions": {
        "player": {
          "type_specific": {
            "type": "minecraft:player",
            "stats": [
              {
                "type": "minecraft:custom",
                "stat": "minecraft:traded_with_villager",
                "value": {
                  "min": 9999
                }
              }
            ]
          }
        }
      }
    }
  },
  "rewards": {
    "function": "bacaped_rewards:statistics/epic_capital_conqueror"
  }
}