{
  "display": {
    "icon": {
      "id": "minecraft:tropical_fish",
      "components": {
        "minecraft:enchantment_glint_override": true
      }
    },
    "title": {
      "translate": "Experienced Angler"
    },
    "description": {
      "translate": "Catch 100 fish with a fishing rod"
    },
    "frame": "challenge",
    "announce_to_chat": true,
    "hidden": false
  },
  "parent": "bacaped:statistics/intermediate_fisher",
  "criteria": {
    "trigger": {
      "trigger": "minecraft:fishing_rod_hooked",
      "conditions": {
        "player": {
          "type_specific": {
            "type": "minecraft:player",
            "stats": [
              {
                "type": "minecraft:custom",
                "stat": "minecraft:fish_caught",
                "value": {
                  "min": 99
                }
              }
            ]
          }
        }
      }
    }
  },
  "rewards": {
    "function": "bacaped_rewards:statistics/experienced_angler"
  }
}