{
  "display": {
    "icon": {
      "id": "minecraft:player_head",
      "components": {
        "minecraft:profile": {
          "id": [
            -1242126184,
            -826062144,
            -1615251542,
            -2112594745
          ],
          "properties": [
            {
              "name": "textures",
              "value": "eyJ0ZXh0dXJlcyI6eyJTS0lOIjp7InVybCI6Imh0dHA6Ly90ZXh0dXJlcy5taW5lY3JhZnQubmV0L3RleHR1cmUvYzZkZjQ3YzMwYjFlM2RiNTJlNDFmNWVlYjgwNmM2OWZlZjgwNTk1NTBlOGY1N2IwYTgzYjIyNjBhNjZkOTI3ZSJ9fX0="
            }
          ]
        }
      }
    },
    "title": {
      "translate": "Happy Chest Year!"
    },
    "description": {
      "translate": "Open 25,000 chests",
      "color": "light_purple"
    },
    "frame": "challenge",
    "hidden": true,
    "announce_to_chat": true
  },
  "parent": "bacaped:statistics/mr_chester",
  "criteria": {
    "trigger": {
      "trigger": "minecraft:default_block_use",
      "conditions": {
        "player": {
          "type_specific": {
            "type": "minecraft:player",
            "stats": [
              {
                "type": "minecraft:custom",
                "stat": "minecraft:open_chest",
                "value": {
                  "min": 25000
                }
              }
            ]
          }
        },
        "location": [
          {
            "condition": "minecraft:location_check",
            "predicate": {
              "block": {
                "blocks": "minecraft:chest"
              }
            }
          }
        ]
      }
    }
  },
  "rewards": {
    "function": "bacaped_rewards:statistics/happy_chest_year"
  }
}