{
  "display": {
    "icon": {
      "id": "minecraft:elytra",
      "components": {
        "minecraft:enchantment_glint_override": true
      }
    },
    "title": {
      "translate": "Jetsetter of the Skies"
    },
    "description": {
      "translate": "Fly 10,000km with elytra",
      "color": "light_purple"
    },
    "frame": "challenge",
    "announce_to_chat": true,
    "hidden": true
  },
  "parent": "blazeandcave:statistics/frequent_flyer",
  "criteria": {
    "trigger": {
      "trigger": "minecraft:location",
      "conditions": {
        "player": {
          "type_specific": {
            "type": "player",
            "stats": [
              {
                "type": "minecraft:custom",
                "stat": "minecraft:aviate_one_cm",
                "value": {
                  "min": 1000000000
                }
              }
            ]
          }
        }
      }
    }
  },
  "rewards": {
    "function": "bacaped_rewards:statistics/jetsetter_of_the_skies"
  }
}