{
  "display": {
    "icon": {
      "id": "minecraft:vine"
    },
    "title": {
      "translate": "Jungle Gymnast"
    },
    "description": {
      "translate": "Climb 100m"
    },
    "frame": "task",
    "announce_to_chat": true
  },
  "parent": "blazeandcave:statistics/root",
  "criteria": {
    "trigger": {
      "trigger": "minecraft:location",
      "conditions": {
        "player": {
          "type_specific": {
            "type": "player",
            "stats": [
              {
                "type": "minecraft:custom",
                "stat": "minecraft:climb_one_cm",
                "value": {
                  "min": 10000
                }
              }
            ]
          }
        }
      }
    }
  },
  "rewards": {
    "function": "bacaped_rewards:statistics/jungle_gymnast"
  }
}