{
  "display": {
    "icon": {
      "id": "minecraft:player_head",
      "components": {
        "minecraft:profile": {
          "id": [
            -1097937078,
            -1804974294,
            -1452332349,
            2062622455
          ],
          "properties": [
            {
              "name": "textures",
              "value": "eyJ0ZXh0dXJlcyI6eyJTS0lOIjp7InVybCI6Imh0dHA6Ly90ZXh0dXJlcy5taW5lY3JhZnQubmV0L3RleHR1cmUvOWYzMGZmYmMwMTEwZWZhMzRlMDMwODYwZGExOGM4YTFkNmIyMjNkZTBmMDBkOWU0YzVkMGNmYTdlY2ZhZmE0OCJ9fX0="
            }
          ]
        }
      }
    },
    "title": {
      "translate": "Legendary Artisan"
    },
    "description": {
      "translate": "Open a crafting table 2500 times",
      "color": "light_purple"
    },
    "frame": "challenge",
    "announce_to_chat": true,
    "hidden": true
  },
  "parent": "bacaped:statistics/master_artificer",
  "criteria": {
    "trigger": {
      "trigger": "minecraft:default_block_use",
      "conditions": {
        "player": {
          "type_specific": {
            "type": "minecraft:player",
            "stats": [
              {
                "type": "minecraft:custom",
                "stat": "minecraft:interact_with_crafting_table",
                "value": {
                  "min": 2500
                }
              }
            ]
          }
        },
        "location": [
          {
            "condition": "minecraft:location_check",
            "predicate": {
              "block": {
                "blocks": "minecraft:crafting_table"
              }
            }
          }
        ]
      }
    }
  },
  "rewards": {
    "function": "bacaped_rewards:statistics/legendary_artisan"
  }
}