{
  "display": {
    "icon": {
      "id": "minecraft:player_head",
      "components": {
        "minecraft:profile": {
          "id": [
            1950006537,
            -807844115,
            -1203297331,
            940090990
          ],
          "properties": [
            {
              "name": "textures",
              "value": "eyJ0ZXh0dXJlcyI6eyJTS0lOIjp7InVybCI6Imh0dHA6Ly90ZXh0dXJlcy5taW5lY3JhZnQubmV0L3RleHR1cmUvYjYwZmE2MzIyNzRlODliMDY0YzMwOTBjMWFiMTEwMTQ3YzgzZWM3M2VjNGMzMWNhNzUwODE0NTdlYmI4YjI2OSJ9fX0="
            }
          ]
        }
      }
    },
    "title": {
      "translate": "Master of Survival"
    },
    "description": {
      "translate": "Avoid dying for 50 hours",
      "color": "dark_purple"
    },
    "frame": "challenge",
    "announce_to_chat": true,
    "hidden": false
  },
  "parent": "bacaped:statistics/resilient_centenarian",
  "criteria": {
    "trigger": {
      "trigger": "minecraft:location",
      "conditions": {
        "player": {
          "type_specific": {
            "type": "player",
            "stats": [
              {
                "type": "minecraft:custom",
                "stat": "minecraft:time_since_death",
                "value": {
                  "min": 3600000
                }
              }
            ]
          }
        }
      }
    }
  },
  "rewards": {
    "function": "bacaped_rewards:statistics/master_of_survival"
  }
}