{
  "display": {
    "icon": {
      "id": "minecraft:leather_horse_armor",
      "components": {
        "minecraft:dyed_color": 16707753
      }
    },
    "title": {
      "translate": "Novice Scout"
    },
    "description": {
      "translate": "Ride a Horse that moves faster than 9 blocks per second",
      "color": "green"
    },
    "frame": "task",
    "announce_to_chat": true,
    "hidden": false
  },
  "parent": "blazeandcave:technical/you_are_a_big_cheater",
  "criteria": {
    "horse_9_bps": {
      "trigger": "minecraft:impossible",
      "conditions": {}
    }
  },
  "rewards": {
    "function": "bacaped_rewards:statistics/novice_scout"
  }
}