{
  "display": {
    "icon": {
      "id": "minecraft:fishing_rod"
    },
    "title": {
      "translate": "Novice Angler"
    },
    "description": {
      "translate": "Catch 5 fish with a fishing rod",
      "color": "green"
    },
    "frame": "task",
    "announce_to_chat": true,
    "hidden": false
  },
  "parent": "blazeandcave:technical/you_are_a_big_cheater",
  "criteria": {
    "trigger": {
      "trigger": "minecraft:fishing_rod_hooked",
      "conditions": {
        "player": {
          "type_specific": {
            "type": "minecraft:player",
            "stats": [
              {
                "type": "minecraft:custom",
                "stat": "minecraft:fish_caught",
                "value": {
                  "min": 4
                }
              }
            ]
          }
        }
      }
    }
  },
  "rewards": {
    "function": "bacaped_rewards:statistics/novice_angler"
  }
}