{
  "display": {
    "icon": {
      "id": "minecraft:crossbow"
    },
    "title": {
      "translate": "Raid Resister"
    },
    "description": {
      "translate": "Win 5 Raids"
    },
    "frame": "task",
    "announce_to_chat": true
  },
  "parent": "blazeandcave:statistics/root",
  "criteria": {
    "trigger": {
      "trigger": "minecraft:location",
      "conditions": {
        "player": {
          "type_specific": {
            "type": "minecraft:player",
            "stats": [
              {
                "type": "minecraft:custom",
                "stat": "minecraft:raid_win",
                "value": {
                  "min": 5
                }
              }
            ]
          }
        }
      }
    }
  },
  "rewards": {
    "function": "bacaped_rewards:statistics/raid_resister"
  }
}