{
  "display": {
    "icon": {
      "id": "minecraft:player_head",
      "components": {
        "minecraft:profile": {
          "id": [
            277744279,
            3295672,
            -1684731435,
            -1812530068
          ],
          "properties": [
            {
              "name": "textures",
              "value": "eyJ0ZXh0dXJlcyI6eyJTS0lOIjp7InVybCI6Imh0dHA6Ly90ZXh0dXJlcy5taW5lY3JhZnQubmV0L3RleHR1cmUvYWQ0NTJiZmNkYzNlYTE0ZjllNjEyYjFjOTZhYmVmOTdjMTBlOTZjNzExNmVhMmE0YjFhNWRmOGQ0YWExNzJmOSJ9fX0="
            }
          ]
        }
      }
    },
    "title": {
      "translate": "Resilient Centenarian"
    },
    "description": {
      "translate": "Avoid dying for 10 hours",
      "color": "#75E1FF"
    },
    "frame": "goal",
    "announce_to_chat": true,
    "hidden": false
  },
  "parent": "bacaped:statistics/survivors_hour",
  "criteria": {
    "trigger": {
      "trigger": "minecraft:location",
      "conditions": {
        "player": {
          "type_specific": {
            "type": "player",
            "stats": [
              {
                "type": "minecraft:custom",
                "stat": "minecraft:time_since_death",
                "value": {
                  "min": 720000
                }
              }
            ]
          }
        }
      }
    }
  },
  "rewards": {
    "function": "bacaped_rewards:statistics/resilient_centenarian"
  }
}