{
  "display": {
    "icon": {
      "id": "minecraft:player_head",
      "components": {
        "minecraft:profile": {
          "id": [
            1071857928,
            716786758,
            -1718244915,
            -377569424
          ],
          "properties": [
            {
              "name": "textures",
              "value": "eyJ0ZXh0dXJlcyI6eyJTS0lOIjp7InVybCI6Imh0dHA6Ly90ZXh0dXJlcy5taW5lY3JhZnQubmV0L3RleHR1cmUvNWQ4NmQwOTZiOGMwOGFkNWRhNmVhY2E5YTEwMTc1MWZiYzY4NzcwZDY3ZDUzMWU4Y2ZhNTYzYmE3M2Y5N2EzYyJ9fX0="
            }
          ]
        }
      }
    },
    "title": {
      "translate": "Sovereign of Martial Shifting"
    },
    "description": {
      "translate": "Sneak 100km",
      "color": "light_purple"
    },
    "frame": "challenge",
    "hidden": true,
    "announce_to_chat": true
  },
  "parent": "blazeandcave:statistics/ancient_kung_fu_master",
  "criteria": {
    "trigger": {
      "trigger": "minecraft:location",
      "conditions": {
        "player": {
          "type_specific": {
            "type": "player",
            "stats": [
              {
                "type": "minecraft:custom",
                "stat": "minecraft:crouch_one_cm",
                "value": {
                  "min": 10000000
                }
              }
            ]
          }
        }
      }
    }
  },
  "rewards": {
    "function": "bacaped_rewards:statistics/sovereign_of_martial_shifting"
  }
}