{
  "display": {
    "icon": {
      "id": "minecraft:leather_horse_armor",
      "components": {
        "minecraft:dyed_color": 16481652
      }
    },
    "title": {
      "translate": "Speed Master"
    },
    "description": {
      "translate": "Ride a Horse that moves faster than 13 blocks per second",
      "color": "dark_purple"
    },
    "frame": "challenge",
    "announce_to_chat": true
  },
  "parent": "bacaped:statistics/swift_herder",
  "criteria": {
    "horse_13_bps": {
      "trigger": "minecraft:impossible",
      "conditions": {}
    }
  },
  "rewards": {
    "function": "bacaped_rewards:statistics/speed_master"
  }
}