{
  "display": {
    "icon": {
      "id": "minecraft:iron_pickaxe"
    },
    "title": {
      "translate": "Stone Cutter"
    },
    "description": {
      "translate": "Break 100 blocks with Iron Pickaxe"
    },
    "frame": "task",
    "announce_to_chat": true
  },
  "parent": "blazeandcave:technical/you_are_a_big_cheater",
  "criteria": {
    "trigger": {
      "trigger": "minecraft:location",
      "conditions": {
        "player": {
          "type_specific": {
            "type": "minecraft:player",
            "stats": [
              {
                "type": "minecraft:used",
                "stat": "minecraft:iron_pickaxe",
                "value": {
                  "min": 100
                }
              }
            ]
          }
        }
      }
    }
  },
  "rewards": {
    "function": "bacaped_rewards:statistics/stone_cutter"
  }
}