{
  "display": {
    "icon": {
      "id": "minecraft:player_head",
      "components": {
        "minecraft:profile": {
          "id": [
            1320650254,
            1639859062,
            -1117692776,
            -1407395573
          ],
          "properties": [
            {
              "name": "textures",
              "value": "eyJ0ZXh0dXJlcyI6eyJTS0lOIjp7InVybCI6Imh0dHA6Ly90ZXh0dXJlcy5taW5lY3JhZnQubmV0L3RleHR1cmUvYTNmZTNlYzU3YjYwMDkxMzg1MWVjMDMyODBjOTc5MTZmYWU5ZTA4NmFlYWFhNDcwMzM5NDE2ZmRmNGEyYTMwZiJ9fX0="
            }
          ]
        }
      }
    },
    "title": {
      "translate": "Storm Hog Pilgrim"
    },
    "description": {
      "translate": "Ride 100km on a Pig",
      "color": "light_purple"
    },
    "frame": "challenge",
    "announce_to_chat": true,
    "hidden": true
  },
  "parent": "blazeandcave:statistics/lightning_mcpig",
  "criteria": {
    "trigger": {
      "trigger": "minecraft:location",
      "conditions": {
        "player": {
          "type_specific": {
            "type": "player",
            "stats": [
              {
                "type": "minecraft:custom",
                "stat": "minecraft:pig_one_cm",
                "value": {
                  "min": 10000000
                }
              }
            ]
          }
        }
      }
    }
  },
  "rewards": {
    "function": "bacaped_rewards:statistics/storm_hog_pilgrim"
  }
}