{
  "display": {
    "icon": {
      "id": "minecraft:raw_gold_block",
      "components": {
        "minecraft:enchantment_glint_override": true
      }
    },
    "title": {
      "translate": "Titan of Olympian Gold Triumphs"
    },
    "description": {
      "translate": "Swim 250km",
      "color": "light_purple"
    },
    "frame": "challenge",
    "announce_to_chat": true,
    "hidden": true
  },
  "parent": "blazeandcave:statistics/olympic_gold_medallist",
  "criteria": {
    "trigger": {
      "trigger": "minecraft:location",
      "conditions": {
        "player": {
          "type_specific": {
            "type": "player",
            "stats": [
              {
                "type": "minecraft:custom",
                "stat": "minecraft:swim_one_cm",
                "value": {
                  "min": 25000000
                }
              }
            ]
          }
        }
      }
    }
  },
  "rewards": {
    "function": "bacaped_rewards:statistics/titan_of_olympian_gold_triumphs"
  }
}