{
  "display": {
    "icon": {
      "id": "minecraft:end_crystal"
    },
    "title": {
      "translate": "Totem Immortal"
    },
    "description": {
      "translate": "Spend 1000 totems of undying",
      "color": "light_purple"
    },
    "frame": "challenge",
    "announce_to_chat": true,
    "hidden": true
  },
  "parent": "bacaped:statistics/totem_expert",
  "criteria": {
    "trigger": {
      "trigger": "minecraft:impossible",
      "conditions": {}
    }
  },
  "rewards": {
    "function": "bacaped_rewards:statistics/totem_immortal"
  }
}