{
  "display": {
    "icon": {
      "id": "minecraft:saddle",
      "components": {
        "minecraft:enchantment_glint_override": true
      }
    },
    "title": {
      "translate": "Vindicator Vanquisher"
    },
    "description": {
      "translate": "Win 100 Raids"
    },
    "frame": "challenge",
    "announce_to_chat": true
  },
  "parent": "bacaped:statistics/pillager_protector",
  "criteria": {
    "trigger": {
      "trigger": "minecraft:location",
      "conditions": {
        "player": {
          "type_specific": {
            "type": "minecraft:player",
            "stats": [
              {
                "type": "minecraft:custom",
                "stat": "minecraft:raid_win",
                "value": {
                  "min": 100
                }
              }
            ]
          }
        }
      }
    }
  },
  "rewards": {
    "function": "bacaped_rewards:statistics/vindicator_vanquisher"
  }
}