{
  "display": {
    "icon": {
      "id": "minecraft:filled_map",
      "components": {
        "minecraft:map_color": 84787
      }
    },
    "title": {
      "translate": "Enh. Adventure Milestone"
    },
    "description": {
      "translate": "Complete every Enhanced Discoveries advancement in the Adventure tab",
      "color": "yellow"
    },
    "frame": "goal",
    "announce_to_chat": true
  },
  "parent": "bacaped:bacap/enhanced_biomes_milestone",
  "criteria": {
    "copper_armor": {
      "trigger": "minecraft:location",
      "conditions": {
        "player": {
          "type_specific": {
            "type": "player",
            "advancements": {
              "bacaped:adventure/copper_armor": true
            }
          }
        }
      }
    },
    "din_don": {
      "trigger": "minecraft:location",
      "conditions": {
        "player": {
          "type_specific": {
            "type": "player",
            "advancements": {
              "bacaped:adventure/din_don": true
            }
          }
        }
      }
    },
    "do_you_see_this": {
      "trigger": "minecraft:location",
      "conditions": {
        "player": {
          "type_specific": {
            "type": "player",
            "advancements": {
              "bacaped:adventure/do_you_see_this": true
            }
          }
        }
      }
    },
    "dual_reality": {
      "trigger": "minecraft:location",
      "conditions": {
        "player": {
          "type_specific": {
            "type": "player",
            "advancements": {
              "bacaped:adventure/dual_reality": true
            }
          }
        }
      }
    },
    "emerald_armor": {
      "trigger": "minecraft:location",
      "conditions": {
        "player": {
          "type_specific": {
            "type": "player",
            "advancements": {
              "bacaped:adventure/emerald_armor": true
            }
          }
        }
      }
    },
    "eye_contact_master": {
      "trigger": "minecraft:location",
      "conditions": {
        "player": {
          "type_specific": {
            "type": "player",
            "advancements": {
              "bacaped:adventure/eye_contact_master": true
            }
          }
        }
      }
    },
    "fake_netherite_armor": {
      "trigger": "minecraft:location",
      "conditions": {
        "player": {
          "type_specific": {
            "type": "player",
            "advancements": {
              "bacaped:adventure/fake_netherite_armor": true
            }
          }
        }
      }
    },
    "general_cleaning": {
      "trigger": "minecraft:location",
      "conditions": {
        "player": {
          "type_specific": {
            "type": "player",
            "advancements": {
              "bacaped:adventure/general_cleaning": true
            }
          }
        }
      }
    },
    "i_hate_all_of_you": {
      "trigger": "minecraft:location",
      "conditions": {
        "player": {
          "type_specific": {
            "type": "player",
            "advancements": {
              "bacaped:adventure/i_hate_all_of_you": true
            }
          }
        }
      }
    },
    "jurassic_park": {
      "trigger": "minecraft:location",
      "conditions": {
        "player": {
          "type_specific": {
            "type": "player",
            "advancements": {
              "bacaped:adventure/jurassic_park": true
            }
          }
        }
      }
    },
    "midnight_snack": {
      "trigger": "minecraft:location",
      "conditions": {
        "player": {
          "type_specific": {
            "type": "player",
            "advancements": {
              "bacaped:adventure/midnight_snack": true
            }
          }
        }
      }
    },
    "my_personal_slave": {
      "trigger": "minecraft:location",
      "conditions": {
        "player": {
          "type_specific": {
            "type": "player",
            "advancements": {
              "bacaped:adventure/my_personal_slave": true
            }
          }
        }
      }
    },
    "nobody_needs_rockets": {
      "trigger": "minecraft:location",
      "conditions": {
        "player": {
          "type_specific": {
            "type": "player",
            "advancements": {
              "bacaped:adventure/nobody_needs_rockets": true
            }
          }
        }
      }
    },
    "not_profitable_transportation": {
      "trigger": "minecraft:location",
      "conditions": {
        "player": {
          "type_specific": {
            "type": "player",
            "advancements": {
              "bacaped:adventure/not_profitable_transportation": true
            }
          }
        }
      }
    },
    "no_water_team": {
      "trigger": "minecraft:location",
      "conditions": {
        "player": {
          "type_specific": {
            "type": "player",
            "advancements": {
              "bacaped:adventure/no_water_team": true
            }
          }
        }
      }
    },
    "oh_you_again": {
      "trigger": "minecraft:location",
      "conditions": {
        "player": {
          "type_specific": {
            "type": "player",
            "advancements": {
              "bacaped:adventure/oh_you_again": true
            }
          }
        }
      }
    },
    "on_site_sale": {
      "trigger": "minecraft:location",
      "conditions": {
        "player": {
          "type_specific": {
            "type": "player",
            "advancements": {
              "bacaped:adventure/on_site_sale": true
            }
          }
        }
      }
    },
    "on_the_wings_of_the_wind": {
      "trigger": "minecraft:location",
      "conditions": {
        "player": {
          "type_specific": {
            "type": "player",
            "advancements": {
              "bacaped:adventure/on_the_wings_of_the_wind": true
            }
          }
        }
      }
    },
    "placeholder": {
      "trigger": "minecraft:location",
      "conditions": {
        "player": {
          "type_specific": {
            "type": "player",
            "advancements": {
              "bacaped:adventure/placeholder": true
            }
          }
        }
      }
    },
    "real_immortal": {
      "trigger": "minecraft:location",
      "conditions": {
        "player": {
          "type_specific": {
            "type": "player",
            "advancements": {
              "bacaped:adventure/real_immortal": true
            }
          }
        }
      }
    },
    "real_netherite_armor": {
      "trigger": "minecraft:location",
      "conditions": {
        "player": {
          "type_specific": {
            "type": "player",
            "advancements": {
              "bacaped:adventure/real_netherite_armor": true
            }
          }
        }
      }
    },
    "restoring_population": {
      "trigger": "minecraft:location",
      "conditions": {
        "player": {
          "type_specific": {
            "type": "player",
            "advancements": {
              "bacaped:adventure/restoring_population": true
            }
          }
        }
      }
    },
    "save_me": {
      "trigger": "minecraft:location",
      "conditions": {
        "player": {
          "type_specific": {
            "type": "player",
            "advancements": {
              "bacaped:adventure/save_me": true
            }
          }
        }
      }
    },
    "silent_armor": {
      "trigger": "minecraft:location",
      "conditions": {
        "player": {
          "type_specific": {
            "type": "player",
            "advancements": {
              "bacaped:adventure/silent_armor": true
            }
          }
        }
      }
    },
    "supply_chain": {
      "trigger": "minecraft:location",
      "conditions": {
        "player": {
          "type_specific": {
            "type": "player",
            "advancements": {
              "bacaped:adventure/supply_chain": true
            }
          }
        }
      }
    },
    "suspicious_miner": {
      "trigger": "minecraft:location",
      "conditions": {
        "player": {
          "type_specific": {
            "type": "player",
            "advancements": {
              "bacaped:adventure/suspicious_miner": true
            }
          }
        }
      }
    },
    "sus_miner": {
      "trigger": "minecraft:location",
      "conditions": {
        "player": {
          "type_specific": {
            "type": "player",
            "advancements": {
              "bacaped:adventure/sus_miner": true
            }
          }
        }
      }
    },
    "thats_a_new_style": {
      "trigger": "minecraft:location",
      "conditions": {
        "player": {
          "type_specific": {
            "type": "player",
            "advancements": {
              "bacaped:adventure/thats_a_new_style": true
            }
          }
        }
      }
    },
    "the_beginning_of_the_day": {
      "trigger": "minecraft:location",
      "conditions": {
        "player": {
          "type_specific": {
            "type": "player",
            "advancements": {
              "bacaped:adventure/the_beginning_of_the_day": true
            }
          }
        }
      }
    },
    "the_cult_of_the_spyglass": {
      "trigger": "minecraft:location",
      "conditions": {
        "player": {
          "type_specific": {
            "type": "player",
            "advancements": {
              "bacaped:adventure/the_cult_of_the_spyglass": true
            }
          }
        }
      }
    },
    "thorny_prices": {
      "trigger": "minecraft:location",
      "conditions": {
        "player": {
          "type_specific": {
            "type": "player",
            "advancements": {
              "bacaped:adventure/thorny_prices": true
            }
          }
        }
      }
    },
    "uncontrolled_reproduction": {
      "trigger": "minecraft:location",
      "conditions": {
        "player": {
          "type_specific": {
            "type": "player",
            "advancements": {
              "bacaped:adventure/uncontrolled_reproduction": true
            }
          }
        }
      }
    },
    "wandering_caravane": {
      "trigger": "minecraft:location",
      "conditions": {
        "player": {
          "type_specific": {
            "type": "player",
            "advancements": {
              "bacaped:adventure/wandering_caravane": true
            }
          }
        }
      }
    },
    "wardens_thrust": {
      "trigger": "minecraft:location",
      "conditions": {
        "player": {
          "type_specific": {
            "type": "player",
            "advancements": {
              "bacaped:adventure/wardens_thrust": true
            }
          }
        }
      }
    },
    "water_dependent": {
      "trigger": "minecraft:location",
      "conditions": {
        "player": {
          "type_specific": {
            "type": "player",
            "advancements": {
              "bacaped:adventure/water_dependent": true
            }
          }
        }
      }
    },
    "water_team": {
      "trigger": "minecraft:location",
      "conditions": {
        "player": {
          "type_specific": {
            "type": "player",
            "advancements": {
              "bacaped:adventure/water_team": true
            }
          }
        }
      }
    },
    "we_are_fine_really": {
      "trigger": "minecraft:location",
      "conditions": {
        "player": {
          "type_specific": {
            "type": "player",
            "advancements": {
              "bacaped:adventure/we_are_fine_really": true
            }
          }
        }
      }
    }
  },
  "rewards": {
    "function": "bacaped_rewards:bacap/enhanced_adventure_milestone"
  }
}