{
  "display": {
    "icon": {
      "id": "minecraft:crafter"
    },
    "title": {
      "translate": "Enh. Redstone Milestone"
    },
    "description": {
      "translate": "Complete every Enhanced Discoveries advancement in the Redstone tab",
      "color": "yellow"
    },
    "frame": "goal",
    "announce_to_chat": true
  },
  "parent": "bacaped:bacap/enhanced_adventure_milestone",
  "criteria": {
    "crafting_lockdown": {
      "trigger": "minecraft:location",
      "conditions": {
        "player": {
          "type_specific": {
            "type": "player",
            "advancements": {
              "bacaped:redstone/crafting_lockdown": true
            }
          }
        }
      }
    },
    "craft_me_all": {
      "trigger": "minecraft:location",
      "conditions": {
        "player": {
          "type_specific": {
            "type": "player",
            "advancements": {
              "bacaped:redstone/craft_me_all": true
            }
          }
        }
      }
    },
    "farm_basics": {
      "trigger": "minecraft:location",
      "conditions": {
        "player": {
          "type_specific": {
            "type": "player",
            "advancements": {
              "bacaped:redstone/farm_basics": true
            }
          }
        }
      }
    },
    "fat_cat": {
      "trigger": "minecraft:location",
      "conditions": {
        "player": {
          "type_specific": {
            "type": "player",
            "advancements": {
              "bacaped:redstone/fat_cat": true
            }
          }
        }
      }
    },
    "heavy_steps": {
      "trigger": "minecraft:location",
      "conditions": {
        "player": {
          "type_specific": {
            "type": "player",
            "advancements": {
              "bacaped:redstone/heavy_steps": true
            }
          }
        }
      }
    },
    "light_touch": {
      "trigger": "minecraft:location",
      "conditions": {
        "player": {
          "type_specific": {
            "type": "player",
            "advancements": {
              "bacaped:redstone/light_touch": true
            }
          }
        }
      }
    },
    "more_optimisations": {
      "trigger": "minecraft:location",
      "conditions": {
        "player": {
          "type_specific": {
            "type": "player",
            "advancements": {
              "bacaped:redstone/more_optimisations": true
            }
          }
        }
      }
    },
    "night_shift": {
      "trigger": "minecraft:location",
      "conditions": {
        "player": {
          "type_specific": {
            "type": "player",
            "advancements": {
              "bacaped:redstone/night_shift": true
            }
          }
        }
      }
    },
    "old_optimisations": {
      "trigger": "minecraft:location",
      "conditions": {
        "player": {
          "type_specific": {
            "type": "player",
            "advancements": {
              "bacaped:redstone/old_optimisations": true
            }
          }
        }
      }
    },
    "say_no_to_campfires": {
      "trigger": "minecraft:location",
      "conditions": {
        "player": {
          "type_specific": {
            "type": "player",
            "advancements": {
              "bacaped:redstone/say_no_to_campfires": true
            }
          }
        }
      }
    },
    "using_a_bow_a_bow_a_bow_a_bow": {
      "trigger": "minecraft:location",
      "conditions": {
        "player": {
          "type_specific": {
            "type": "player",
            "advancements": {
              "bacaped:redstone/using_a_bow_a_bow_a_bow_a_bow": true
            }
          }
        }
      }
    },
    "what_do_you_know_about_pistons": {
      "trigger": "minecraft:location",
      "conditions": {
        "player": {
          "type_specific": {
            "type": "player",
            "advancements": {
              "bacaped:redstone/what_do_you_know_about_pistons": true
            }
          }
        }
      }
    }
  },
  "rewards": {
    "function": "bacaped_rewards:bacap/enhanced_redstone_milestone"
  }
}