{
  "display": {
    "icon": {
      "id": "minecraft:end_crystal"
    },
    "title": {
      "translate": "Enh. Super Challenges Milestone"
    },
    "description": {
      "translate": "Complete every Enhanced Discoveries advancement in the Super Challenges tab. Good luck with this one :D",
      "color": "yellow"
    },
    "frame": "goal",
    "announce_to_chat": true
  },
  "parent": "bacaped:bacap/enhanced_end_milestone",
  "criteria": {
    "5g_connectivity": {
      "trigger": "minecraft:location",
      "conditions": {
        "player": {
          "type_specific": {
            "type": "player",
            "advancements": {
              "bacaped:challenges/5g_connectivity": true
            }
          }
        }
      }
    },
    "5_birds_1_stone": {
      "trigger": "minecraft:location",
      "conditions": {
        "player": {
          "type_specific": {
            "type": "player",
            "advancements": {
              "bacaped:challenges/5_birds_1_stone": true
            }
          }
        }
      }
    },
    "airborne_annihilator": {
      "trigger": "minecraft:location",
      "conditions": {
        "player": {
          "type_specific": {
            "type": "player",
            "advancements": {
              "bacaped:challenges/airborne_annihilator": true
            }
          }
        }
      }
    },
    "astronomer": {
      "trigger": "minecraft:location",
      "conditions": {
        "player": {
          "type_specific": {
            "type": "player",
            "advancements": {
              "bacaped:challenges/astronomer": true
            }
          }
        }
      }
    },
    "baron_munchausen": {
      "trigger": "minecraft:location",
      "conditions": {
        "player": {
          "type_specific": {
            "type": "player",
            "advancements": {
              "bacaped:challenges/baron_munchausen": true
            }
          }
        }
      }
    },
    "big_end_adventure": {
      "trigger": "minecraft:location",
      "conditions": {
        "player": {
          "type_specific": {
            "type": "player",
            "advancements": {
              "bacaped:challenges/big_end_adventure": true
            }
          }
        }
      }
    },
    "big_horse_adventure": {
      "trigger": "minecraft:location",
      "conditions": {
        "player": {
          "type_specific": {
            "type": "player",
            "advancements": {
              "bacaped:challenges/big_horse_adventure": true
            }
          }
        }
      }
    },
    "big_pig_adventure": {
      "trigger": "minecraft:location",
      "conditions": {
        "player": {
          "type_specific": {
            "type": "player",
            "advancements": {
              "bacaped:challenges/big_pig_adventure": true
            }
          }
        }
      }
    },
    "celestial_protocol": {
      "trigger": "minecraft:location",
      "conditions": {
        "player": {
          "type_specific": {
            "type": "player",
            "advancements": {
              "bacaped:challenges/celestial_protocol": true
            }
          }
        }
      }
    },
    "circus_act": {
      "trigger": "minecraft:location",
      "conditions": {
        "player": {
          "type_specific": {
            "type": "player",
            "advancements": {
              "bacaped:challenges/circus_act": true
            }
          }
        }
      }
    },
    "command_work": {
      "trigger": "minecraft:location",
      "conditions": {
        "player": {
          "type_specific": {
            "type": "player",
            "advancements": {
              "bacaped:challenges/command_work": true
            }
          }
        }
      }
    },
    "compass_overload": {
      "trigger": "minecraft:location",
      "conditions": {
        "player": {
          "type_specific": {
            "type": "player",
            "advancements": {
              "bacaped:challenges/compass_overload": true
            }
          }
        }
      }
    },
    "dead_carnaval": {
      "trigger": "minecraft:location",
      "conditions": {
        "player": {
          "type_specific": {
            "type": "player",
            "advancements": {
              "bacaped:challenges/dead_carnaval": true
            }
          }
        }
      }
    },
    "definitely_not_raid_farming": {
      "trigger": "minecraft:location",
      "conditions": {
        "player": {
          "type_specific": {
            "type": "player",
            "advancements": {
              "bacaped:challenges/definitely_not_raid_farming": true
            }
          }
        }
      }
    },
    "dragon_vs_warden_vi": {
      "trigger": "minecraft:location",
      "conditions": {
        "player": {
          "type_specific": {
            "type": "player",
            "advancements": {
              "bacaped:challenges/dragon_vs_warden_vi": true
            }
          }
        }
      }
    },
    "dragon_vs_wither_iv": {
      "trigger": "minecraft:location",
      "conditions": {
        "player": {
          "type_specific": {
            "type": "player",
            "advancements": {
              "bacaped:challenges/dragon_vs_wither_iv": true
            }
          }
        }
      }
    },
    "extincion": {
      "trigger": "minecraft:location",
      "conditions": {
        "player": {
          "type_specific": {
            "type": "player",
            "advancements": {
              "bacaped:challenges/extincion": true
            }
          }
        }
      }
    },
    "happy_anniversary": {
      "trigger": "minecraft:location",
      "conditions": {
        "player": {
          "type_specific": {
            "type": "player",
            "advancements": {
              "bacaped:challenges/happy_anniversary": true
            }
          }
        }
      }
    },
    "how_did_you_end_up_here": {
      "trigger": "minecraft:location",
      "conditions": {
        "player": {
          "type_specific": {
            "type": "player",
            "advancements": {
              "bacaped:challenges/how_did_you_end_up_here": true
            }
          }
        }
      }
    },
    "interspecific_adventure": {
      "trigger": "minecraft:location",
      "conditions": {
        "player": {
          "type_specific": {
            "type": "player",
            "advancements": {
              "bacaped:challenges/interspecific_adventure": true
            }
          }
        }
      }
    },
    "magic_kingdom": {
      "trigger": "minecraft:location",
      "conditions": {
        "player": {
          "type_specific": {
            "type": "player",
            "advancements": {
              "bacaped:challenges/magic_kingdom": true
            }
          }
        }
      }
    },
    "mob_universe": {
      "trigger": "minecraft:location",
      "conditions": {
        "player": {
          "type_specific": {
            "type": "player",
            "advancements": {
              "bacaped:challenges/mob_universe": true
            }
          }
        }
      }
    },
    "monstrous_rocket": {
      "trigger": "minecraft:location",
      "conditions": {
        "player": {
          "type_specific": {
            "type": "player",
            "advancements": {
              "bacaped:challenges/monstrous_rocket": true
            }
          }
        }
      }
    },
    "my_little_pig": {
      "trigger": "minecraft:location",
      "conditions": {
        "player": {
          "type_specific": {
            "type": "player",
            "advancements": {
              "bacaped:challenges/my_little_pig": true
            }
          }
        }
      }
    },
    "no_shield_please": {
      "trigger": "minecraft:location",
      "conditions": {
        "player": {
          "type_specific": {
            "type": "player",
            "advancements": {
              "bacaped:challenges/no_shield_please": true
            }
          }
        }
      }
    },
    "oh_my_broken_legs": {
      "trigger": "minecraft:location",
      "conditions": {
        "player": {
          "type_specific": {
            "type": "player",
            "advancements": {
              "bacaped:challenges/oh_my_broken_legs": true
            }
          }
        }
      }
    },
    "one_in_a_million_steed": {
      "trigger": "minecraft:location",
      "conditions": {
        "player": {
          "type_specific": {
            "type": "player",
            "advancements": {
              "bacaped:challenges/one_in_a_million_steed": true
            }
          }
        }
      }
    },
    "piggish_poison_tango": {
      "trigger": "minecraft:location",
      "conditions": {
        "player": {
          "type_specific": {
            "type": "player",
            "advancements": {
              "bacaped:challenges/piggish_poison_tango": true
            }
          }
        }
      }
    },
    "pooch_purge_pilot": {
      "trigger": "minecraft:location",
      "conditions": {
        "player": {
          "type_specific": {
            "type": "player",
            "advancements": {
              "bacaped:challenges/pooch_purge_pilot": true
            }
          }
        }
      }
    },
    "professional_assassin": {
      "trigger": "minecraft:location",
      "conditions": {
        "player": {
          "type_specific": {
            "type": "player",
            "advancements": {
              "bacaped:challenges/professional_assassin": true
            }
          }
        }
      }
    },
    "pulse_detonation_engine": {
      "trigger": "minecraft:location",
      "conditions": {
        "player": {
          "type_specific": {
            "type": "player",
            "advancements": {
              "bacaped:challenges/pulse_detonation_engine": true
            }
          }
        }
      }
    },
    "pyrotechnic_vs_dragon_v": {
      "trigger": "minecraft:location",
      "conditions": {
        "player": {
          "type_specific": {
            "type": "player",
            "advancements": {
              "bacaped:challenges/pyrotechnic_vs_dragon_v": true
            }
          }
        }
      }
    },
    "raise_the_stakes": {
      "trigger": "minecraft:location",
      "conditions": {
        "player": {
          "type_specific": {
            "type": "player",
            "advancements": {
              "bacaped:challenges/raise_the_stakes": true
            }
          }
        }
      }
    },
    "red_plus_red_equals_brown": {
      "trigger": "minecraft:location",
      "conditions": {
        "player": {
          "type_specific": {
            "type": "player",
            "advancements": {
              "bacaped:challenges/red_plus_red_equals_brown": true
            }
          }
        }
      }
    },
    "riddle_me_that": {
      "trigger": "minecraft:location",
      "conditions": {
        "player": {
          "type_specific": {
            "type": "player",
            "advancements": {
              "bacaped:challenges/riddle_me_that": true
            }
          }
        }
      }
    },
    "sandwich": {
      "trigger": "minecraft:location",
      "conditions": {
        "player": {
          "type_specific": {
            "type": "player",
            "advancements": {
              "bacaped:challenges/sandwich": true
            }
          }
        }
      }
    },
    "shield_of_achilles": {
      "trigger": "minecraft:location",
      "conditions": {
        "player": {
          "type_specific": {
            "type": "player",
            "advancements": {
              "bacaped:challenges/shield_of_achilles": true
            }
          }
        }
      }
    },
    "shopaholic": {
      "trigger": "minecraft:location",
      "conditions": {
        "player": {
          "type_specific": {
            "type": "player",
            "advancements": {
              "bacaped:challenges/shopaholic": true
            }
          }
        }
      }
    },
    "show_the_nether_to_a_silverfish": {
      "trigger": "minecraft:location",
      "conditions": {
        "player": {
          "type_specific": {
            "type": "player",
            "advancements": {
              "bacaped:challenges/show_the_nether_to_a_silverfish": true
            }
          }
        }
      }
    },
    "silence_is_loud_here": {
      "trigger": "minecraft:location",
      "conditions": {
        "player": {
          "type_specific": {
            "type": "player",
            "advancements": {
              "bacaped:challenges/silence_is_loud_here": true
            }
          }
        }
      }
    },
    "so_bright": {
      "trigger": "minecraft:location",
      "conditions": {
        "player": {
          "type_specific": {
            "type": "player",
            "advancements": {
              "bacaped:challenges/so_bright": true
            }
          }
        }
      }
    },
    "star_fisherman": {
      "trigger": "minecraft:location",
      "conditions": {
        "player": {
          "type_specific": {
            "type": "player",
            "advancements": {
              "bacaped:challenges/star_fisherman": true
            }
          }
        }
      }
    },
    "the_apocalyptic_decalogy": {
      "trigger": "minecraft:location",
      "conditions": {
        "player": {
          "type_specific": {
            "type": "player",
            "advancements": {
              "bacaped:challenges/the_apocalyptic_decalogy": true
            }
          }
        }
      }
    },
    "the_king_of_the_redskins": {
      "trigger": "minecraft:location",
      "conditions": {
        "player": {
          "type_specific": {
            "type": "player",
            "advancements": {
              "bacaped:challenges/the_king_of_the_redskins": true
            }
          }
        }
      }
    },
    "the_world_is_actually_ending_2": {
      "trigger": "minecraft:location",
      "conditions": {
        "player": {
          "type_specific": {
            "type": "player",
            "advancements": {
              "bacaped:challenges/the_world_is_actually_ending_2": true
            }
          }
        }
      }
    },
    "thousand_lives": {
      "trigger": "minecraft:location",
      "conditions": {
        "player": {
          "type_specific": {
            "type": "player",
            "advancements": {
              "bacaped:challenges/thousand_lives": true
            }
          }
        }
      }
    },
    "void_being": {
      "trigger": "minecraft:location",
      "conditions": {
        "player": {
          "type_specific": {
            "type": "player",
            "advancements": {
              "bacaped:challenges/void_being": true
            }
          }
        }
      }
    },
    "what_are_the_chances": {
      "trigger": "minecraft:location",
      "conditions": {
        "player": {
          "type_specific": {
            "type": "player",
            "advancements": {
              "bacaped:challenges/what_are_the_chances": true
            }
          }
        }
      }
    },
    "wither_aboard": {
      "trigger": "minecraft:location",
      "conditions": {
        "player": {
          "type_specific": {
            "type": "player",
            "advancements": {
              "bacaped:challenges/wither_aboard": true
            }
          }
        }
      }
    },
    "zero_coordinates_magnet": {
      "trigger": "minecraft:location",
      "conditions": {
        "player": {
          "type_specific": {
            "type": "player",
            "advancements": {
              "bacaped:challenges/zero_coordinates_magnet": true
            }
          }
        }
      }
    }
  },
  "rewards": {
    "function": "bacaped_rewards:bacap/enhanced_challenges_milestone"
  }
}