{
  "display": {
    "icon": {
      "id": "minecraft:light_blue_bed"
    },
    "title": {
      "translate": "Good Dreams!"
    },
    "description": {
      "translate": "Sleep in each type of surface biome in the Overworld",
      "color": "dark_purple"
    },
    "frame": "challenge",
    "announce_to_chat": true
  },
  "parent": "minecraft:adventure/adventuring_time",
  "criteria": {
    "snowy_plains": {
      "trigger": "minecraft:slept_in_bed",
      "conditions": {
        "player": [
          {
            "condition": "minecraft:any_of",
            "terms": [
              {
                "condition": "minecraft:entity_properties",
                "entity": "this",
                "predicate": {
                  "location": {
                    "biomes": "minecraft:snowy_plains"
                  }
                }
              },
              {
                "condition": "minecraft:entity_properties",
                "entity": "this",
                "predicate": {
                  "location": {
                    "biomes": "minecraft:ice_spikes"
                  }
                }
              }
            ]
          },
          {
            "condition": "minecraft:inverted",
            "term": {
              "condition": "minecraft:entity_properties",
              "entity": "this",
              "predicate": {
                "type_specific": {
                  "type": "player",
                  "gamemode": [
                    "spectator"
                  ]
                }
              }
            }
          }
        ]
      }
    },
    "snowy_taiga": {
      "trigger": "minecraft:slept_in_bed",
      "conditions": {
        "player": [
          {
            "condition": "minecraft:entity_properties",
            "entity": "this",
            "predicate": {
              "location": {
                "biomes": "minecraft:snowy_taiga"
              }
            }
          },
          {
            "condition": "minecraft:inverted",
            "term": {
              "condition": "minecraft:entity_properties",
              "entity": "this",
              "predicate": {
                "type_specific": {
                  "type": "player",
                  "gamemode": [
                    "spectator"
                  ]
                }
              }
            }
          }
        ]
      }
    },
    "windswept_hills": {
      "trigger": "minecraft:slept_in_bed",
      "conditions": {
        "player": [
          {
            "condition": "minecraft:any_of",
            "terms": [
              {
                "condition": "minecraft:entity_properties",
                "entity": "this",
                "predicate": {
                  "location": {
                    "biomes": "minecraft:windswept_hills"
                  }
                }
              },
              {
                "condition": "minecraft:entity_properties",
                "entity": "this",
                "predicate": {
                  "location": {
                    "biomes": "minecraft:windswept_gravelly_hills"
                  }
                }
              },
              {
                "condition": "minecraft:entity_properties",
                "entity": "this",
                "predicate": {
                  "location": {
                    "biomes": "minecraft:windswept_forest"
                  }
                }
              }
            ]
          },
          {
            "condition": "minecraft:inverted",
            "term": {
              "condition": "minecraft:entity_properties",
              "entity": "this",
              "predicate": {
                "type_specific": {
                  "type": "player",
                  "gamemode": [
                    "spectator"
                  ]
                }
              }
            }
          }
        ]
      }
    },
    "taiga": {
      "trigger": "minecraft:slept_in_bed",
      "conditions": {
        "player": [
          {
            "condition": "minecraft:entity_properties",
            "entity": "this",
            "predicate": {
              "location": {
                "biomes": "minecraft:taiga"
              }
            }
          },
          {
            "condition": "minecraft:inverted",
            "term": {
              "condition": "minecraft:entity_properties",
              "entity": "this",
              "predicate": {
                "type_specific": {
                  "type": "player",
                  "gamemode": [
                    "spectator"
                  ]
                }
              }
            }
          }
        ]
      }
    },
    "old_growth_taiga": {
      "trigger": "minecraft:slept_in_bed",
      "conditions": {
        "player": [
          {
            "condition": "minecraft:any_of",
            "terms": [
              {
                "condition": "minecraft:entity_properties",
                "entity": "this",
                "predicate": {
                  "location": {
                    "biomes": "minecraft:old_growth_pine_taiga"
                  }
                }
              },
              {
                "condition": "minecraft:entity_properties",
                "entity": "this",
                "predicate": {
                  "location": {
                    "biomes": "minecraft:old_growth_spruce_taiga"
                  }
                }
              }
            ]
          },
          {
            "condition": "minecraft:inverted",
            "term": {
              "condition": "minecraft:entity_properties",
              "entity": "this",
              "predicate": {
                "type_specific": {
                  "type": "player",
                  "gamemode": [
                    "spectator"
                  ]
                }
              }
            }
          }
        ]
      }
    },
    "plains": {
      "trigger": "minecraft:slept_in_bed",
      "conditions": {
        "player": [
          {
            "condition": "minecraft:any_of",
            "terms": [
              {
                "condition": "minecraft:entity_properties",
                "entity": "this",
                "predicate": {
                  "location": {
                    "biomes": "minecraft:plains"
                  }
                }
              },
              {
                "condition": "minecraft:entity_properties",
                "entity": "this",
                "predicate": {
                  "location": {
                    "biomes": "minecraft:sunflower_plains"
                  }
                }
              }
            ]
          },
          {
            "condition": "minecraft:inverted",
            "term": {
              "condition": "minecraft:entity_properties",
              "entity": "this",
              "predicate": {
                "type_specific": {
                  "type": "player",
                  "gamemode": [
                    "spectator"
                  ]
                }
              }
            }
          }
        ]
      }
    },
    "forest": {
      "trigger": "minecraft:slept_in_bed",
      "conditions": {
        "player": [
          {
            "condition": "minecraft:any_of",
            "terms": [
              {
                "condition": "minecraft:entity_properties",
                "entity": "this",
                "predicate": {
                  "location": {
                    "biomes": "minecraft:forest"
                  }
                }
              },
              {
                "condition": "minecraft:entity_properties",
                "entity": "this",
                "predicate": {
                  "location": {
                    "biomes": "minecraft:flower_forest"
                  }
                }
              }
            ]
          },
          {
            "condition": "minecraft:inverted",
            "term": {
              "condition": "minecraft:entity_properties",
              "entity": "this",
              "predicate": {
                "type_specific": {
                  "type": "player",
                  "gamemode": [
                    "spectator"
                  ]
                }
              }
            }
          }
        ]
      }
    },
    "birch_forest": {
      "trigger": "minecraft:slept_in_bed",
      "conditions": {
        "player": [
          {
            "condition": "minecraft:any_of",
            "terms": [
              {
                "condition": "minecraft:entity_properties",
                "entity": "this",
                "predicate": {
                  "location": {
                    "biomes": "minecraft:birch_forest"
                  }
                }
              },
              {
                "condition": "minecraft:entity_properties",
                "entity": "this",
                "predicate": {
                  "location": {
                    "biomes": "minecraft:old_growth_birch_forest"
                  }
                }
              }
            ]
          },
          {
            "condition": "minecraft:inverted",
            "term": {
              "condition": "minecraft:entity_properties",
              "entity": "this",
              "predicate": {
                "type_specific": {
                  "type": "player",
                  "gamemode": [
                    "spectator"
                  ]
                }
              }
            }
          }
        ]
      }
    },
    "dark_forest": {
      "trigger": "minecraft:slept_in_bed",
      "conditions": {
        "player": [
          {
            "condition": "minecraft:entity_properties",
            "entity": "this",
            "predicate": {
              "location": {
                "biomes": "minecraft:dark_forest"
              }
            }
          },
          {
            "condition": "minecraft:inverted",
            "term": {
              "condition": "minecraft:entity_properties",
              "entity": "this",
              "predicate": {
                "type_specific": {
                  "type": "player",
                  "gamemode": [
                    "spectator"
                  ]
                }
              }
            }
          }
        ]
      }
    },
    "pale_garden": {
      "trigger": "minecraft:slept_in_bed",
      "conditions": {
        "player": [
          {
            "condition": "minecraft:entity_properties",
            "entity": "this",
            "predicate": {
              "location": {
                "biomes": "minecraft:pale_garden"
              }
            }
          },
          {
            "condition": "minecraft:inverted",
            "term": {
              "condition": "minecraft:entity_properties",
              "entity": "this",
              "predicate": {
                "type_specific": {
                  "type": "player",
                  "gamemode": [
                    "spectator"
                  ]
                }
              }
            }
          }
        ]
      }
    },
    "swamp": {
      "trigger": "minecraft:slept_in_bed",
      "conditions": {
        "player": [
          {
            "condition": "minecraft:any_of",
            "terms": [
              {
                "condition": "minecraft:entity_properties",
                "entity": "this",
                "predicate": {
                  "location": {
                    "biomes": "minecraft:swamp"
                  }
                }
              },
              {
                "condition": "minecraft:entity_properties",
                "entity": "this",
                "predicate": {
                  "location": {
                    "biomes": "minecraft:mangrove_swamp"
                  }
                }
              }
            ]
          },
          {
            "condition": "minecraft:inverted",
            "term": {
              "condition": "minecraft:entity_properties",
              "entity": "this",
              "predicate": {
                "type_specific": {
                  "type": "player",
                  "gamemode": [
                    "spectator"
                  ]
                }
              }
            }
          }
        ]
      }
    },
    "jungle": {
      "trigger": "minecraft:slept_in_bed",
      "conditions": {
        "player": [
          {
            "condition": "minecraft:any_of",
            "terms": [
              {
                "condition": "minecraft:entity_properties",
                "entity": "this",
                "predicate": {
                  "location": {
                    "biomes": "minecraft:jungle"
                  }
                }
              },
              {
                "condition": "minecraft:entity_properties",
                "entity": "this",
                "predicate": {
                  "location": {
                    "biomes": "minecraft:sparse_jungle"
                  }
                }
              },
              {
                "condition": "minecraft:entity_properties",
                "entity": "this",
                "predicate": {
                  "location": {
                    "biomes": "minecraft:bamboo_jungle"
                  }
                }
              }
            ]
          },
          {
            "condition": "minecraft:inverted",
            "term": {
              "condition": "minecraft:entity_properties",
              "entity": "this",
              "predicate": {
                "type_specific": {
                  "type": "player",
                  "gamemode": [
                    "spectator"
                  ]
                }
              }
            }
          }
        ]
      }
    },
    "river": {
      "trigger": "minecraft:slept_in_bed",
      "conditions": {
        "player": [
          {
            "condition": "minecraft:any_of",
            "terms": [
              {
                "condition": "minecraft:entity_properties",
                "entity": "this",
                "predicate": {
                  "location": {
                    "biomes": "minecraft:river"
                  }
                }
              },
              {
                "condition": "minecraft:entity_properties",
                "entity": "this",
                "predicate": {
                  "location": {
                    "biomes": "minecraft:frozen_river"
                  }
                }
              }
            ]
          },
          {
            "condition": "minecraft:inverted",
            "term": {
              "condition": "minecraft:entity_properties",
              "entity": "this",
              "predicate": {
                "type_specific": {
                  "type": "player",
                  "gamemode": [
                    "spectator"
                  ]
                }
              }
            }
          }
        ]
      }
    },
    "beach": {
      "trigger": "minecraft:slept_in_bed",
      "conditions": {
        "player": [
          {
            "condition": "minecraft:any_of",
            "terms": [
              {
                "condition": "minecraft:entity_properties",
                "entity": "this",
                "predicate": {
                  "location": {
                    "biomes": "minecraft:beach"
                  }
                }
              },
              {
                "condition": "minecraft:entity_properties",
                "entity": "this",
                "predicate": {
                  "location": {
                    "biomes": "minecraft:snowy_beach"
                  }
                }
              },
              {
                "condition": "minecraft:entity_properties",
                "entity": "this",
                "predicate": {
                  "location": {
                    "biomes": "minecraft:stony_shore"
                  }
                }
              }
            ]
          },
          {
            "condition": "minecraft:inverted",
            "term": {
              "condition": "minecraft:entity_properties",
              "entity": "this",
              "predicate": {
                "type_specific": {
                  "type": "player",
                  "gamemode": [
                    "spectator"
                  ]
                }
              }
            }
          }
        ]
      }
    },
    "mushroom_fields": {
      "trigger": "minecraft:slept_in_bed",
      "conditions": {
        "player": [
          {
            "condition": "minecraft:entity_properties",
            "entity": "this",
            "predicate": {
              "location": {
                "biomes": "minecraft:mushroom_fields"
              }
            }
          },
          {
            "condition": "minecraft:inverted",
            "term": {
              "condition": "minecraft:entity_properties",
              "entity": "this",
              "predicate": {
                "type_specific": {
                  "type": "player",
                  "gamemode": [
                    "spectator"
                  ]
                }
              }
            }
          }
        ]
      }
    },
    "desert": {
      "trigger": "minecraft:slept_in_bed",
      "conditions": {
        "player": [
          {
            "condition": "minecraft:entity_properties",
            "entity": "this",
            "predicate": {
              "location": {
                "biomes": "minecraft:desert"
              }
            }
          },
          {
            "condition": "minecraft:inverted",
            "term": {
              "condition": "minecraft:entity_properties",
              "entity": "this",
              "predicate": {
                "type_specific": {
                  "type": "player",
                  "gamemode": [
                    "spectator"
                  ]
                }
              }
            }
          }
        ]
      }
    },
    "savanna": {
      "trigger": "minecraft:slept_in_bed",
      "conditions": {
        "player": [
          {
            "condition": "minecraft:any_of",
            "terms": [
              {
                "condition": "minecraft:entity_properties",
                "entity": "this",
                "predicate": {
                  "location": {
                    "biomes": "minecraft:savanna"
                  }
                }
              },
              {
                "condition": "minecraft:entity_properties",
                "entity": "this",
                "predicate": {
                  "location": {
                    "biomes": "minecraft:savanna_plateau"
                  }
                }
              },
              {
                "condition": "minecraft:entity_properties",
                "entity": "this",
                "predicate": {
                  "location": {
                    "biomes": "minecraft:windswept_savanna"
                  }
                }
              }
            ]
          },
          {
            "condition": "minecraft:inverted",
            "term": {
              "condition": "minecraft:entity_properties",
              "entity": "this",
              "predicate": {
                "type_specific": {
                  "type": "player",
                  "gamemode": [
                    "spectator"
                  ]
                }
              }
            }
          }
        ]
      }
    },
    "badlands": {
      "trigger": "minecraft:slept_in_bed",
      "conditions": {
        "player": [
          {
            "condition": "minecraft:any_of",
            "terms": [
              {
                "condition": "minecraft:entity_properties",
                "entity": "this",
                "predicate": {
                  "location": {
                    "biomes": "minecraft:badlands"
                  }
                }
              },
              {
                "condition": "minecraft:entity_properties",
                "entity": "this",
                "predicate": {
                  "location": {
                    "biomes": "minecraft:wooded_badlands"
                  }
                }
              },
              {
                "condition": "minecraft:entity_properties",
                "entity": "this",
                "predicate": {
                  "location": {
                    "biomes": "minecraft:eroded_badlands"
                  }
                }
              }
            ]
          },
          {
            "condition": "minecraft:inverted",
            "term": {
              "condition": "minecraft:entity_properties",
              "entity": "this",
              "predicate": {
                "type_specific": {
                  "type": "player",
                  "gamemode": [
                    "spectator"
                  ]
                }
              }
            }
          }
        ]
      }
    },
    "warm_ocean": {
      "trigger": "minecraft:slept_in_bed",
      "conditions": {
        "player": [
          {
            "condition": "minecraft:entity_properties",
            "entity": "this",
            "predicate": {
              "location": {
                "biomes": "minecraft:warm_ocean"
              }
            }
          },
          {
            "condition": "minecraft:inverted",
            "term": {
              "condition": "minecraft:entity_properties",
              "entity": "this",
              "predicate": {
                "type_specific": {
                  "type": "player",
                  "gamemode": [
                    "spectator"
                  ]
                }
              }
            }
          }
        ]
      }
    },
    "lukewarm_ocean": {
      "trigger": "minecraft:slept_in_bed",
      "conditions": {
        "player": [
          {
            "condition": "minecraft:any_of",
            "terms": [
              {
                "condition": "minecraft:entity_properties",
                "entity": "this",
                "predicate": {
                  "location": {
                    "biomes": "minecraft:lukewarm_ocean"
                  }
                }
              },
              {
                "condition": "minecraft:entity_properties",
                "entity": "this",
                "predicate": {
                  "location": {
                    "biomes": "minecraft:deep_lukewarm_ocean"
                  }
                }
              }
            ]
          },
          {
            "condition": "minecraft:inverted",
            "term": {
              "condition": "minecraft:entity_properties",
              "entity": "this",
              "predicate": {
                "type_specific": {
                  "type": "player",
                  "gamemode": [
                    "spectator"
                  ]
                }
              }
            }
          }
        ]
      }
    },
    "ocean": {
      "trigger": "minecraft:slept_in_bed",
      "conditions": {
        "player": [
          {
            "condition": "minecraft:any_of",
            "terms": [
              {
                "condition": "minecraft:entity_properties",
                "entity": "this",
                "predicate": {
                  "location": {
                    "biomes": "minecraft:ocean"
                  }
                }
              },
              {
                "condition": "minecraft:entity_properties",
                "entity": "this",
                "predicate": {
                  "location": {
                    "biomes": "minecraft:deep_ocean"
                  }
                }
              }
            ]
          },
          {
            "condition": "minecraft:inverted",
            "term": {
              "condition": "minecraft:entity_properties",
              "entity": "this",
              "predicate": {
                "type_specific": {
                  "type": "player",
                  "gamemode": [
                    "spectator"
                  ]
                }
              }
            }
          }
        ]
      }
    },
    "cold_ocean": {
      "trigger": "minecraft:slept_in_bed",
      "conditions": {
        "player": [
          {
            "condition": "minecraft:any_of",
            "terms": [
              {
                "condition": "minecraft:entity_properties",
                "entity": "this",
                "predicate": {
                  "location": {
                    "biomes": "minecraft:cold_ocean"
                  }
                }
              },
              {
                "condition": "minecraft:entity_properties",
                "entity": "this",
                "predicate": {
                  "location": {
                    "biomes": "minecraft:deep_cold_ocean"
                  }
                }
              }
            ]
          },
          {
            "condition": "minecraft:inverted",
            "term": {
              "condition": "minecraft:entity_properties",
              "entity": "this",
              "predicate": {
                "type_specific": {
                  "type": "player",
                  "gamemode": [
                    "spectator"
                  ]
                }
              }
            }
          }
        ]
      }
    },
    "frozen_ocean": {
      "trigger": "minecraft:slept_in_bed",
      "conditions": {
        "player": [
          {
            "condition": "minecraft:any_of",
            "terms": [
              {
                "condition": "minecraft:entity_properties",
                "entity": "this",
                "predicate": {
                  "location": {
                    "biomes": "minecraft:frozen_ocean"
                  }
                }
              },
              {
                "condition": "minecraft:entity_properties",
                "entity": "this",
                "predicate": {
                  "location": {
                    "biomes": "minecraft:deep_frozen_ocean"
                  }
                }
              }
            ]
          },
          {
            "condition": "minecraft:inverted",
            "term": {
              "condition": "minecraft:entity_properties",
              "entity": "this",
              "predicate": {
                "type_specific": {
                  "type": "player",
                  "gamemode": [
                    "spectator"
                  ]
                }
              }
            }
          }
        ]
      }
    },
    "meadow": {
      "trigger": "minecraft:slept_in_bed",
      "conditions": {
        "player": [
          {
            "condition": "minecraft:entity_properties",
            "entity": "this",
            "predicate": {
              "location": {
                "biomes": "minecraft:meadow"
              }
            }
          },
          {
            "condition": "minecraft:inverted",
            "term": {
              "condition": "minecraft:entity_properties",
              "entity": "this",
              "predicate": {
                "type_specific": {
                  "type": "player",
                  "gamemode": [
                    "spectator"
                  ]
                }
              }
            }
          }
        ]
      }
    },
    "snowy_slopes_or_grove": {
      "trigger": "minecraft:slept_in_bed",
      "conditions": {
        "player": [
          {
            "condition": "minecraft:any_of",
            "terms": [
              {
                "condition": "minecraft:entity_properties",
                "entity": "this",
                "predicate": {
                  "location": {
                    "biomes": "minecraft:snowy_slopes"
                  }
                }
              },
              {
                "condition": "minecraft:entity_properties",
                "entity": "this",
                "predicate": {
                  "location": {
                    "biomes": "minecraft:grove"
                  }
                }
              }
            ]
          },
          {
            "condition": "minecraft:inverted",
            "term": {
              "condition": "minecraft:entity_properties",
              "entity": "this",
              "predicate": {
                "type_specific": {
                  "type": "player",
                  "gamemode": [
                    "spectator"
                  ]
                }
              }
            }
          }
        ]
      }
    },
    "peaks": {
      "trigger": "minecraft:slept_in_bed",
      "conditions": {
        "player": [
          {
            "condition": "minecraft:any_of",
            "terms": [
              {
                "condition": "minecraft:entity_properties",
                "entity": "this",
                "predicate": {
                  "location": {
                    "biomes": "minecraft:frozen_peaks"
                  }
                }
              },
              {
                "condition": "minecraft:entity_properties",
                "entity": "this",
                "predicate": {
                  "location": {
                    "biomes": "minecraft:jagged_peaks"
                  }
                }
              },
              {
                "condition": "minecraft:entity_properties",
                "entity": "this",
                "predicate": {
                  "location": {
                    "biomes": "minecraft:stony_peaks"
                  }
                }
              }
            ]
          },
          {
            "condition": "minecraft:inverted",
            "term": {
              "condition": "minecraft:entity_properties",
              "entity": "this",
              "predicate": {
                "type_specific": {
                  "type": "player",
                  "gamemode": [
                    "spectator"
                  ]
                }
              }
            }
          }
        ]
      }
    },
    "cherry_grove": {
      "trigger": "minecraft:slept_in_bed",
      "conditions": {
        "player": [
          {
            "condition": "minecraft:entity_properties",
            "entity": "this",
            "predicate": {
              "location": {
                "biomes": "minecraft:cherry_grove"
              }
            }
          },
          {
            "condition": "minecraft:inverted",
            "term": {
              "condition": "minecraft:entity_properties",
              "entity": "this",
              "predicate": {
                "type_specific": {
                  "type": "player",
                  "gamemode": [
                    "spectator"
                  ]
                }
              }
            }
          }
        ]
      }
    }
  },
  "rewards": {
    "function": "bacaped_rewards:biomes/good_dreams"
  }
}