{
  "display": {
    "icon": {
      "id": "minecraft:goat_horn",
      "components": {
        "minecraft:enchantment_glint_override": true
      }
    },
    "title": {
      "translate": "My Mountains"
    },
    "description": {
      "translate": "Drink milk at the top of the mountain while looking at a Goat",
      "color": "#75E1FF"
    },
    "frame": "goal",
    "announce_to_chat": true,
    "hidden": false
  },
  "parent": "blazeandcave:biomes/high_feet",
  "criteria": {
    "my_mountains": {
      "trigger": "minecraft:using_item",
      "conditions": {
        "player": [
          {
            "condition": "minecraft:all_of",
            "terms": [
              {
                "condition": "minecraft:entity_properties",
                "entity": "this",
                "predicate": {
                  "type_specific": {
                    "type": "player",
                    "looking_at": {
                      "type": "minecraft:goat"
                    }
                  }
                }
              },
              {
                "condition": "minecraft:any_of",
                "terms": [
                  {
                    "condition": "minecraft:entity_properties",
                    "entity": "this",
                    "predicate": {
                      "location": {
                        "biome": "minecraft:frozen_peaks"
                      }
                    }
                  },
                  {
                    "condition": "minecraft:entity_properties",
                    "entity": "this",
                    "predicate": {
                      "location": {
                        "biome": "minecraft:grove"
                      }
                    }
                  },
                  {
                    "condition": "minecraft:entity_properties",
                    "entity": "this",
                    "predicate": {
                      "location": {
                        "biome": "minecraft:jagged_peaks"
                      }
                    }
                  },
                  {
                    "condition": "minecraft:entity_properties",
                    "entity": "this",
                    "predicate": {
                      "location": {
                        "biome": "minecraft:meadow"
                      }
                    }
                  },
                  {
                    "condition": "minecraft:entity_properties",
                    "entity": "this",
                    "predicate": {
                      "location": {
                        "biome": "minecraft:snowy_slopes"
                      }
                    }
                  },
                  {
                    "condition": "minecraft:entity_properties",
                    "entity": "this",
                    "predicate": {
                      "location": {
                        "biome": "minecraft:stony_peaks"
                      }
                    }
                  },
                  {
                    "condition": "minecraft:entity_properties",
                    "entity": "this",
                    "predicate": {
                      "location": {
                        "biome": "minecraft:windswept_forest"
                      }
                    }
                  },
                  {
                    "condition": "minecraft:entity_properties",
                    "entity": "this",
                    "predicate": {
                      "location": {
                        "biome": "minecraft:windswept_gravelly_hills"
                      }
                    }
                  },
                  {
                    "condition": "minecraft:entity_properties",
                    "entity": "this",
                    "predicate": {
                      "location": {
                        "biome": "minecraft:windswept_hills"
                      }
                    }
                  }
                ]
              }
            ]
          }
        ],
        "item": {
          "items": [
            "minecraft:milk_bucket"
          ]
        }
      }
    }
  },
  "rewards": {
    "function": "bacaped_rewards:biomes/my_mountains"
  }
}