{
  "display": {
    "icon": {
      "id": "minecraft:sunflower"
    },
    "title": {
      "translate": "Treasure Compass"
    },
    "description": {
      "translate": "Open treasure with a Dolphin's help",
      "color": "dark_purple"
    },
    "frame": "challenge",
    "announce_to_chat": true,
    "hidden": false
  },
  "parent": "blazeandcave:biomes/echolocation",
  "criteria": {
    "open_the_treasure": {
      "trigger": "minecraft:impossible"
    }
  },
  "rewards": {
    "function": "bacaped_rewards:biomes/treasure_compass"
  }
}