{
  "display": {
    "icon": {
      "id": "minecraft:light_blue_dye",
      "components": {
        "minecraft:enchantment_glint_override": true
      }
    },
    "title": {
      "translate": "Unite Storm"
    },
    "description": {
      "translate": "Be near a Polar Fox, a Snow Golem, a Stray, a Snow Wolf, a Snow Rabbit, a Polar Bear and a Goat in a snow biome during snowfall (have them all within 16 blocks of you)",
      "color": "dark_purple"
    },
    "frame": "challenge",
    "announce_to_chat": true,
    "hidden": false
  },
  "parent": "bacaped:biomes/my_mountains",
  "criteria": {
    "unite_check": {
      "trigger": "minecraft:impossible"
    }
  },
  "rewards": {
    "function": "bacaped_rewards:biomes/unite_storm"
  }
}