{
  "display": {
    "icon": {
      "id": "minecraft:ghast_tear",
      "components": {
        "minecraft:enchantment_glint_override": true
      }
    },
    "title": {
      "translate": "Dragon Blitz"
    },
    "description": {
      "translate": "Kill 3 Ender Dragons within 6 minutes",
      "color": "dark_purple"
    },
    "frame": "challenge",
    "announce_to_chat": true,
    "hidden": false
  },
  "parent": "blazeandcave:end/ring_of_the_end",
  "criteria": {
    "trigger": {
      "trigger": "minecraft:impossible"
    }
  },
  "rewards": {
    "function": "bacaped_rewards:end/dragon_blitz"
  }
}