{
  "display": {
    "icon": {
      "id": "minecraft:end_crystal",
      "components": {
        "minecraft:enchantment_glint_override": true
      }
    },
    "title": {
      "translate": "End at the Start of the Game"
    },
    "description": {
      "translate": "Look at a natural End Crystal that was brought from the End to the Overworld through a Spyglass",
      "color": "dark_purple"
    },
    "frame": "challenge",
    "announce_to_chat": true
  },
  "parent": "minecraft:end/find_end_city",
  "criteria": {
    "trigger": {
      "trigger": "minecraft:using_item",
      "conditions": {
        "player": {
          "type_specific": {
            "type": "minecraft:player",
            "looking_at": {
              "type": "minecraft:end_crystal",
              "nbt": "{ShowBottom: 1b}",
              "location": {
                "dimension": "minecraft:overworld"
              }
            }
          }
        },
        "item": {
          "items": "minecraft:spyglass"
        }
      }
    }
  },
  "rewards": {
    "function": "bacaped_rewards:end/end_at_the_start_of_the_game"
  }
}