{
  "display": {
    "icon": {
      "id": "minecraft:cherry_boat"
    },
    "title": {
      "translate": "Intergalactic Journey"
    },
    "description": {
      "translate": "Sail through all dimensions in one boat without getting out"
    },
    "frame": "challenge",
    "announce_to_chat": true
  },
  "parent": "bacaped:end/interdimensional_travel",
  "criteria": {
    "overworld": {
      "trigger": "minecraft:location",
      "conditions": {
        "player": {
          "location": {
            "dimension": "minecraft:overworld"
          },
          "vehicle": {
            "type": "#blazeandcave:all_boats"
          }
        }
      }
    },
    "the_nether": {
      "trigger": "minecraft:location",
      "conditions": {
        "player": {
          "location": {
            "dimension": "minecraft:the_nether"
          },
          "vehicle": {
            "type": "#blazeandcave:all_boats"
          }
        }
      }
    },
    "the_end": {
      "trigger": "minecraft:location",
      "conditions": {
        "player": {
          "location": {
            "dimension": "minecraft:the_end"
          },
          "vehicle": {
            "type": "#blazeandcave:all_boats"
          }
        }
      }
    }
  },
  "rewards": {
    "function": "bacaped_rewards:end/intergalactic_journey"
  }
}