{
  "display": {
    "icon": {
      "id": "minecraft:end_portal_frame",
      "components": {
        "minecraft:enchantment_glint_override": true
      }
    },
    "title": {
      "translate": "Interdimensional Travel"
    },
    "description": {
      "translate": "Get directly from the Nether to the End"
    },
    "frame": "challenge",
    "announce_to_chat": true
  },
  "parent": "blazeandcave:end/event_horizon",
  "criteria": {
    "from_the_nether_to_the_end": {
      "trigger": "minecraft:changed_dimension",
      "conditions": {
        "from": "minecraft:the_nether",
        "to": "minecraft:the_end"
      }
    }
  },
  "rewards": {
    "function": "bacaped_rewards:end/interdimensional_travel"
  }
}