{
  "display": {
    "icon": {
      "id": "minecraft:tipped_arrow",
      "components": {
        "minecraft:potion_contents": {
          "potion": "minecraft:swiftness"
        }
      }
    },
    "title": {
      "translate": "Speed of Light"
    },
    "description": {
      "translate": "Reach a horizontal speed of over 120 blocks per second",
      "color": "dark_purple"
    },
    "frame": "challenge",
    "announce_to_chat": true,
    "hidden": false
  },
  "parent": "blazeandcave:end/uh_houston_we_have_a_problem",
  "criteria": {
    "trigger": {
      "trigger": "minecraft:location",
      "conditions": {
        "player": {
          "movement": {
            "horizontal_speed": {
              "min": 120
            }
          }
        }
      }
    }
  },
  "rewards": {
    "function": "bacaped_rewards:end/speed_of_light"
  }
}