{
  "display": {
    "icon": {
      "id": "minecraft:cobblestone_stairs",
      "components": {
        "minecraft:enchantment_glint_override": true
      }
    },
    "title": {
      "translate": "Advancement Info"
    },
    "description": {
      "translate": "This mod can be useful for completing advancements",
      "color": "light_purple"
    },
    "frame": "challenge",
    "announce_to_chat": true,
    "hidden": true
  },
  "parent": "minecraft:adventure/root",
  "criteria": {
    "trigger": {
      "trigger": "minecraft:location",
      "conditions": {
        "player": {
          "stepping_on": {
            "block": {
              "blocks": [
                "minecraft:cobblestone_stairs"
              ]
            }
          },
          "equipment": {
            "mainhand": {
              "items": [
                "minecraft:diamond_sword"
              ]
            },
            "head": {
              "items": [
                "minecraft:diamond_helmet"
              ]
            },
            "chest": {
              "items": [
                "minecraft:diamond_chestplate"
              ]
            },
            "legs": {
              "items": [
                "minecraft:diamond_leggings"
              ]
            },
            "feet": {
              "items": [
                "minecraft:diamond_boots"
              ]
            }
          }
        }
      }
    }
  },
  "rewards": {
    "function": "bacaped_rewards:adventure/advancement_info"
  }
}