{
  "display": {
    "icon": {
      "id": "minecraft:sponge"
    },
    "title": {
      "translate": "No-Water Team"
    },
    "description": {
      "translate": "Place 250 sponges",
      "color": "#75E1FF"
    },
    "frame": "goal",
    "announce_to_chat": true,
    "hidden": false
  },
  "parent": "bacaped:adventure/water_team",
  "criteria": {
    "water_bucket": {
      "trigger": "minecraft:placed_block",
      "conditions": {
        "location": [
          {
            "condition": "minecraft:entity_properties",
            "entity": "this",
            "predicate": {
              "type_specific": {
                "type": "player",
                "stats": [
                  {
                    "type": "minecraft:used",
                    "stat": "minecraft:sponge",
                    "value": {
                      "min": 249
                    }
                  }
                ]
              }
            }
          }
        ]
      }
    }
  },
  "rewards": {
    "function": "bacaped_rewards:adventure/no_water_team"
  }
}