{
  "display": {
    "icon": {
      "id": "minecraft:wind_charge",
      "count": 1,
      "components": {
        "minecraft:enchantment_glint_override": true
      }
    },
    "title": {
      "translate": "Nobody Needs Rockets!"
    },
    "description": {
      "translate": "Use a Wind Charge to launch yourself upward at least 50 blocks",
      "color": "#75E1FF"
    },
    "frame": "goal",
    "announce_to_chat": true
  },
  "parent": "minecraft:adventure/who_needs_rockets",
  "criteria": {
    "who_needs_rockets": {
      "trigger": "minecraft:fall_after_explosion",
      "conditions": {
        "distance": {
          "y": {
            "min": 50
          }
        },
        "cause": [
          {
            "condition": "minecraft:entity_properties",
            "entity": "this",
            "predicate": {
              "type": "minecraft:wind_charge"
            }
          }
        ]
      }
    }
  },
  "rewards": {
    "function": "bacaped_rewards:adventure/nobody_needs_rockets"
  }
}