{
  "display": {
    "icon": {
      "id": "minecraft:white_terracotta"
    },
    "title": {
      "translate": "Not Profitable Transportation"
    },
    "description": {
      "translate": "Buy any type of terracota from a Villager in any badlands biome",
      "color": "#75E1FF"
    },
    "frame": "goal",
    "announce_to_chat": true
  },
  "parent": "bacaped:adventure/on_site_sale",
  "criteria": {
    "buy_terracotta": {
      "trigger": "minecraft:villager_trade",
      "conditions": {
        "villager": [
          {
            "condition": "minecraft:any_of",
            "terms": [
              {
                "condition": "minecraft:entity_properties",
                "entity": "this",
                "predicate": {
                  "location": {
                    "biomes": [
                      "minecraft:badlands",
                      "minecraft:wooded_badlands",
                      "minecraft:eroded_badlands"
                    ]
                  }
                }
              }
            ]
          }
        ],
        "item": {
          "items": "#minecraft:terracotta"
        }
      }
    }
  },
  "rewards": {
    "function": "bacaped_rewards:adventure/not_profitable_transportation"
  }
}