{
  "display": {
    "icon": {
      "id": "minecraft:ominous_bottle",
      "components": {
        "minecraft:enchantment_glint_override": true
      }
    },
    "title": {
      "translate": "Ominous Ocean"
    },
    "description": {
      "translate": "Collect 64 ominous bottles of each level",
      "color": "light_purple"
    },
    "frame": "challenge",
    "announce_to_chat": true,
    "hidden": true
  },
  "parent": "blazeandcave:adventure/omniscient",
  "criteria": {
    "ominous_1": {
      "trigger": "minecraft:inventory_changed",
      "conditions": {
        "items": [
          {
            "items": "minecraft:ominous_bottle",
            "count": 64,
            "components": {
              "minecraft:ominous_bottle_amplifier": 0
            }
          }
        ]
      }
    },
    "ominous_2": {
      "trigger": "minecraft:inventory_changed",
      "conditions": {
        "items": [
          {
            "items": "minecraft:ominous_bottle",
            "count": 64,
            "components": {
              "minecraft:ominous_bottle_amplifier": 1
            }
          }
        ]
      }
    },
    "ominous_3": {
      "trigger": "minecraft:inventory_changed",
      "conditions": {
        "items": [
          {
            "items": "minecraft:ominous_bottle",
            "count": 64,
            "components": {
              "minecraft:ominous_bottle_amplifier": 2
            }
          }
        ]
      }
    },
    "ominous_4": {
      "trigger": "minecraft:inventory_changed",
      "conditions": {
        "items": [
          {
            "items": "minecraft:ominous_bottle",
            "count": 64,
            "components": {
              "minecraft:ominous_bottle_amplifier": 3
            }
          }
        ]
      }
    },
    "ominous_5": {
      "trigger": "minecraft:inventory_changed",
      "conditions": {
        "items": [
          {
            "items": "minecraft:ominous_bottle",
            "count": 64,
            "components": {
              "minecraft:ominous_bottle_amplifier": 4
            }
          }
        ]
      }
    }
  },
  "rewards": {
    "function": "bacaped_rewards:adventure/ominous_ocean"
  }
}