{
  "display": {
    "icon": {
      "id": "minecraft:brick"
    },
    "title": {
      "translate": "On Site Sale"
    },
    "description": {
      "translate": "Buy bricks from a Villager in the river biome",
      "color": "#75E1FF"
    },
    "frame": "goal",
    "announce_to_chat": true
  },
  "parent": "minecraft:adventure/trade",
  "criteria": {
    "buy_brick": {
      "trigger": "minecraft:villager_trade",
      "conditions": {
        "villager": {
          "location": {
            "biomes": "minecraft:river"
          }
        },
        "item": {
          "items": [
            "minecraft:brick"
          ]
        }
      }
    }
  },
  "rewards": {
    "function": "bacaped_rewards:adventure/on_site_sale"
  }
}