{
  "display": {
    "icon": {
      "id": "minecraft:tnt_minecart",
      "components": {
        "minecraft:enchantment_glint_override": true
      }
    },
    "title": {
      "translate": "On the Wings of the Wind"
    },
    "description": {
      "translate": "Use a Wind Charge to launch yourself upward at least 150 blocks"
    },
    "frame": "challenge",
    "announce_to_chat": true
  },
  "parent": "bacaped:adventure/nobody_needs_rockets",
  "criteria": {
    "who_needs_rockets": {
      "trigger": "minecraft:fall_after_explosion",
      "conditions": {
        "distance": {
          "y": {
            "min": 150
          }
        },
        "cause": [
          {
            "condition": "minecraft:entity_properties",
            "entity": "this",
            "predicate": {
              "type": "minecraft:wind_charge"
            }
          }
        ]
      }
    }
  },
  "rewards": {
    "function": "bacaped_rewards:adventure/on_the_wings_of_the_wind"
  }
}