{
  "display": {
    "icon": {
      "id": "minecraft:player_head",
      "components": {
        "minecraft:profile": {
          "id": [
            -1572040877,
            2037927714,
            -1184939311,
            1207043991
          ],
          "properties": [
            {
              "name": "textures",
              "value": "eyJ0ZXh0dXJlcyI6eyJTS0lOIjp7InVybCI6Imh0dHA6Ly90ZXh0dXJlcy5taW5lY3JhZnQubmV0L3RleHR1cmUvZjdjODg2ZWU5YjA0ZTg1YjJmYjBmMjY3NDBjMTAwY2FiYTlhODE3YmYxZDA5YWE0ZWQ1NDQ5NTM2MTM1Y2M5MCJ9fX0="
            }
          ]
        }
      }
    },
    "title": {
      "translate": "Save Me!"
    },
    "description": {
      "translate": "Repair an Iron Golem during the battle with the Warden",
      "color": "dark_purple"
    },
    "frame": "challenge",
    "announce_to_chat": true
  },
  "parent": "blazeandcave:adventure/your_daily_fix",
  "criteria": {
    "save_golem": {
      "trigger": "minecraft:player_interacted_with_entity",
      "conditions": {
        "item": {
          "items": "minecraft:iron_ingot"
        },
        "entity": {
          "type": "minecraft:iron_golem",
          "targeted_entity": {
            "type": "minecraft:warden",
            "targeted_entity": {
              "type": "minecraft:iron_golem"
            }
          }
        }
      }
    }
  },
  "rewards": {
    "function": "bacaped_rewards:adventure/save_me"
  }
}