{
  "display": {
    "icon": {
      "id": "minecraft:leather_chestplate",
      "components": {
        "minecraft:dyed_color": 3847130
      }
    },
    "title": {
      "translate": "That's a New Style"
    },
    "description": {
      "translate": "Wear a light blue leather tunic named \"Diamond Chestplate\""
    },
    "frame": "task",
    "announce_to_chat": true
  },
  "parent": "minecraft:adventure/trim_with_any_armor_pattern",
  "criteria": {
    "leather_tunic": {
      "trigger": "minecraft:inventory_changed",
      "conditions": {
        "player": {
          "equipment": {
            "chest": {
              "items": "minecraft:leather_chestplate",
              "components": {
                "minecraft:dyed_color": 3847130,
                "minecraft:custom_name": "Diamond Chestplate"
              }
            }
          }
        }
      }
    }
  },
  "rewards": {
    "function": "bacaped_rewards:adventure/thats_a_new_style"
  }
}