{
  "display": {
    "icon": {
      "id": "minecraft:emerald"
    },
    "title": {
      "translate": "Thorny Prices"
    },
    "description": {
      "translate": "Die from a Villager wearing armor with the Thorns enchantment",
      "color": "#75E1FF"
    },
    "frame": "goal",
    "announce_to_chat": true
  },
  "parent": "blazeandcave:adventure/murderer",
  "criteria": {
    "villager": {
      "trigger": "minecraft:entity_killed_player",
      "conditions": {
        "entity": {
          "type": "minecraft:villager"
        },
        "killing_blow": {
          "tags": [
            {
              "id": "bacaped:is_thorns",
              "expected": true
            }
          ]
        }
      }
    }
  },
  "rewards": {
    "function": "bacaped_rewards:adventure/thorny_prices"
  }
}