{
  "display": {
    "icon": {
      "id": "minecraft:water_bucket"
    },
    "title": {
      "translate": "Water Team"
    },
    "description": {
      "translate": "Use buckets of water 500 times"
    },
    "frame": "challenge",
    "announce_to_chat": true
  },
  "parent": "blazeandcave:adventure/sponge_miner",
  "criteria": {
    "trigger": {
      "trigger": "minecraft:placed_block",
      "conditions": {
        "location": [
          {
            "condition": "minecraft:entity_properties",
            "entity": "this",
            "predicate": {
              "type_specific": {
                "type": "player",
                "stats": [
                  {
                    "type": "minecraft:used",
                    "stat": "minecraft:water_bucket",
                    "value": {
                      "min": 499
                    }
                  }
                ]
              }
            }
          }
        ]
      }
    }
  },
  "rewards": {
    "function": "bacaped_rewards:adventure/water_team"
  }
}