{
  "display": {
    "icon": {
      "id": "minecraft:allium",
      "components": {
        "minecraft:enchantment_glint_override": true
      }
    },
    "title": {
      "translate": "Water-Dependent"
    },
    "description": {
      "translate": "Water the flower in a pot while standing on it",
      "color": "#75E1FF"
    },
    "frame": "goal",
    "announce_to_chat": true
  },
  "parent": "minecraft:husbandry/plant_any_sniffer_seed",
  "criteria": {
    "trigger": {
      "trigger": "minecraft:tick",
      "conditions": {
        "player": [
          {
            "condition": "minecraft:all_of",
            "terms": [
              {
                "condition": "minecraft:entity_properties",
                "entity": "this",
                "predicate": {
                  "type_specific": {
                    "type": "minecraft:player",
                    "looking_at": {
                      "type": [
                        "minecraft:lingering_potion",
                        "minecraft:splash_potion"
                      ]
                    }
                  }
                }
              },
              {
                "condition": "minecraft:entity_properties",
                "entity": "this",
                "predicate": {
                  "stepping_on": {
                    "block": {
                      "blocks": "#bacaped:flower_pots"
                    }
                  }
                }
              }
            ]
          }
        ]
      }
    }
  },
  "rewards": {
    "function": "bacaped_rewards:adventure/water_dependent"
  }
}