{
  "display": {
    "icon": {
      "id": "minecraft:netherite_hoe",
      "components": {
        "minecraft:enchantment_glint_override": true
      }
    },
    "title": {
      "translate": "All the Netherite Tools"
    },
    "description": {
      "translate": "Get perfect enchantments for all netherite tools and all paths"
    },
    "frame": "challenge",
    "announce_to_chat": true
  },
  "parent": "blazeandcave:enchanting/master_farmer",
  "criteria": {
    "sharpness_netherite_sword": {
      "trigger": "minecraft:inventory_changed",
      "conditions": {
        "items": [
          {
            "items": [
              "minecraft:netherite_sword"
            ],
            "predicates": {
              "minecraft:enchantments": [
                {
                  "enchantments": "minecraft:unbreaking",
                  "levels": {
                    "min": 3
                  }
                },
                {
                  "enchantments": "minecraft:mending",
                  "levels": {
                    "min": 1
                  }
                },
                {
                  "enchantments": "minecraft:fire_aspect",
                  "levels": {
                    "min": 2
                  }
                },
                {
                  "enchantments": "minecraft:looting",
                  "levels": {
                    "min": 3
                  }
                },
                {
                  "enchantments": "minecraft:knockback",
                  "levels": {
                    "min": 2
                  }
                },
                {
                  "enchantments": "minecraft:sweeping_edge",
                  "levels": {
                    "min": 3
                  }
                },
                {
                  "enchantments": "minecraft:sharpness",
                  "levels": {
                    "min": 5
                  }
                }
              ]
            }
          }
        ]
      }
    },
    "bane_of_arthropods_netherite_sword": {
      "trigger": "minecraft:inventory_changed",
      "conditions": {
        "items": [
          {
            "items": [
              "minecraft:netherite_sword"
            ],
            "predicates": {
              "minecraft:enchantments": [
                {
                  "enchantments": "minecraft:unbreaking",
                  "levels": {
                    "min": 3
                  }
                },
                {
                  "enchantments": "minecraft:mending",
                  "levels": {
                    "min": 1
                  }
                },
                {
                  "enchantments": "minecraft:fire_aspect",
                  "levels": {
                    "min": 2
                  }
                },
                {
                  "enchantments": "minecraft:looting",
                  "levels": {
                    "min": 3
                  }
                },
                {
                  "enchantments": "minecraft:knockback",
                  "levels": {
                    "min": 2
                  }
                },
                {
                  "enchantments": "minecraft:sweeping_edge",
                  "levels": {
                    "min": 3
                  }
                },
                {
                  "enchantments": "minecraft:bane_of_arthropods",
                  "levels": {
                    "min": 5
                  }
                }
              ]
            }
          }
        ]
      }
    },
    "smite_netherite_sword": {
      "trigger": "minecraft:inventory_changed",
      "conditions": {
        "items": [
          {
            "items": [
              "minecraft:netherite_sword"
            ],
            "predicates": {
              "minecraft:enchantments": [
                {
                  "enchantments": "minecraft:unbreaking",
                  "levels": {
                    "min": 3
                  }
                },
                {
                  "enchantments": "minecraft:mending",
                  "levels": {
                    "min": 1
                  }
                },
                {
                  "enchantments": "minecraft:fire_aspect",
                  "levels": {
                    "min": 2
                  }
                },
                {
                  "enchantments": "minecraft:looting",
                  "levels": {
                    "min": 3
                  }
                },
                {
                  "enchantments": "minecraft:knockback",
                  "levels": {
                    "min": 2
                  }
                },
                {
                  "enchantments": "minecraft:sweeping_edge",
                  "levels": {
                    "min": 3
                  }
                },
                {
                  "enchantments": "minecraft:smite",
                  "levels": {
                    "min": 5
                  }
                }
              ]
            }
          }
        ]
      }
    },
    "silk_tounch_netherite_pickaxe": {
      "trigger": "minecraft:inventory_changed",
      "conditions": {
        "items": [
          {
            "items": [
              "minecraft:netherite_pickaxe"
            ],
            "predicates": {
              "minecraft:enchantments": [
                {
                  "enchantments": "minecraft:efficiency",
                  "levels": {
                    "min": 5
                  }
                },
                {
                  "enchantments": "minecraft:unbreaking",
                  "levels": {
                    "min": 3
                  }
                },
                {
                  "enchantments": "minecraft:mending",
                  "levels": {
                    "min": 1
                  }
                },
                {
                  "enchantments": "minecraft:silk_touch",
                  "levels": {
                    "min": 1
                  }
                }
              ]
            }
          }
        ]
      }
    },
    "fortune_netherite_pickaxe": {
      "trigger": "minecraft:inventory_changed",
      "conditions": {
        "items": [
          {
            "items": [
              "minecraft:netherite_pickaxe"
            ],
            "predicates": {
              "minecraft:enchantments": [
                {
                  "enchantments": "minecraft:efficiency",
                  "levels": {
                    "min": 5
                  }
                },
                {
                  "enchantments": "minecraft:unbreaking",
                  "levels": {
                    "min": 3
                  }
                },
                {
                  "enchantments": "minecraft:mending",
                  "levels": {
                    "min": 1
                  }
                },
                {
                  "enchantments": "minecraft:fortune",
                  "levels": {
                    "min": 3
                  }
                }
              ]
            }
          }
        ]
      }
    },
    "silk_tounch_netherite_shovel": {
      "trigger": "minecraft:inventory_changed",
      "conditions": {
        "items": [
          {
            "items": [
              "minecraft:netherite_shovel"
            ],
            "predicates": {
              "minecraft:enchantments": [
                {
                  "enchantments": "minecraft:efficiency",
                  "levels": {
                    "min": 5
                  }
                },
                {
                  "enchantments": "minecraft:unbreaking",
                  "levels": {
                    "min": 3
                  }
                },
                {
                  "enchantments": "minecraft:mending",
                  "levels": {
                    "min": 1
                  }
                },
                {
                  "enchantments": "minecraft:silk_touch",
                  "levels": {
                    "min": 1
                  }
                }
              ]
            }
          }
        ]
      }
    },
    "fortune_netherite_shovel": {
      "trigger": "minecraft:inventory_changed",
      "conditions": {
        "items": [
          {
            "items": [
              "minecraft:netherite_shovel"
            ],
            "predicates": {
              "minecraft:enchantments": [
                {
                  "enchantments": "minecraft:efficiency",
                  "levels": {
                    "min": 5
                  }
                },
                {
                  "enchantments": "minecraft:unbreaking",
                  "levels": {
                    "min": 3
                  }
                },
                {
                  "enchantments": "minecraft:mending",
                  "levels": {
                    "min": 1
                  }
                },
                {
                  "enchantments": "minecraft:fortune",
                  "levels": {
                    "min": 3
                  }
                }
              ]
            }
          }
        ]
      }
    },
    "silk_touch_netherite_hoe": {
      "trigger": "minecraft:inventory_changed",
      "conditions": {
        "items": [
          {
            "items": [
              "minecraft:netherite_hoe"
            ],
            "predicates": {
              "minecraft:enchantments": [
                {
                  "enchantments": "minecraft:efficiency",
                  "levels": {
                    "min": 5
                  }
                },
                {
                  "enchantments": "minecraft:unbreaking",
                  "levels": {
                    "min": 3
                  }
                },
                {
                  "enchantments": "minecraft:mending",
                  "levels": {
                    "min": 1
                  }
                },
                {
                  "enchantments": "minecraft:silk_touch",
                  "levels": {
                    "min": 1
                  }
                }
              ]
            }
          }
        ]
      }
    },
    "fortune_netherite_hoe": {
      "trigger": "minecraft:inventory_changed",
      "conditions": {
        "items": [
          {
            "items": [
              "minecraft:netherite_hoe"
            ],
            "predicates": {
              "minecraft:enchantments": [
                {
                  "enchantments": "minecraft:efficiency",
                  "levels": {
                    "min": 5
                  }
                },
                {
                  "enchantments": "minecraft:unbreaking",
                  "levels": {
                    "min": 3
                  }
                },
                {
                  "enchantments": "minecraft:mending",
                  "levels": {
                    "min": 1
                  }
                },
                {
                  "enchantments": "minecraft:fortune",
                  "levels": {
                    "min": 3
                  }
                }
              ]
            }
          }
        ]
      }
    },
    "silk_touch_sharpness_netherite_axe": {
      "trigger": "minecraft:inventory_changed",
      "conditions": {
        "items": [
          {
            "items": [
              "minecraft:netherite_axe"
            ],
            "predicates": {
              "minecraft:enchantments": [
                {
                  "enchantments": "minecraft:efficiency",
                  "levels": {
                    "min": 5
                  }
                },
                {
                  "enchantments": "minecraft:unbreaking",
                  "levels": {
                    "min": 3
                  }
                },
                {
                  "enchantments": "minecraft:mending",
                  "levels": {
                    "min": 1
                  }
                },
                {
                  "enchantments": "minecraft:silk_touch",
                  "levels": {
                    "min": 1
                  }
                },
                {
                  "enchantments": "minecraft:sharpness",
                  "levels": {
                    "min": 5
                  }
                }
              ]
            }
          }
        ]
      }
    },
    "silk_touch_bane_of_arthropods_netherite_axe": {
      "trigger": "minecraft:inventory_changed",
      "conditions": {
        "items": [
          {
            "items": [
              "minecraft:netherite_axe"
            ],
            "predicates": {
              "minecraft:enchantments": [
                {
                  "enchantments": "minecraft:efficiency",
                  "levels": {
                    "min": 5
                  }
                },
                {
                  "enchantments": "minecraft:unbreaking",
                  "levels": {
                    "min": 3
                  }
                },
                {
                  "enchantments": "minecraft:mending",
                  "levels": {
                    "min": 1
                  }
                },
                {
                  "enchantments": "minecraft:silk_touch",
                  "levels": {
                    "min": 1
                  }
                },
                {
                  "enchantments": "minecraft:bane_of_arthropods",
                  "levels": {
                    "min": 5
                  }
                }
              ]
            }
          }
        ]
      }
    },
    "silk_touch_smite_netherite_axe": {
      "trigger": "minecraft:inventory_changed",
      "conditions": {
        "items": [
          {
            "items": [
              "minecraft:netherite_axe"
            ],
            "predicates": {
              "minecraft:enchantments": [
                {
                  "enchantments": "minecraft:efficiency",
                  "levels": {
                    "min": 5
                  }
                },
                {
                  "enchantments": "minecraft:unbreaking",
                  "levels": {
                    "min": 3
                  }
                },
                {
                  "enchantments": "minecraft:mending",
                  "levels": {
                    "min": 1
                  }
                },
                {
                  "enchantments": "minecraft:silk_touch",
                  "levels": {
                    "min": 1
                  }
                },
                {
                  "enchantments": "minecraft:smite",
                  "levels": {
                    "min": 5
                  }
                }
              ]
            }
          }
        ]
      }
    },
    "fortune_sharpness_netherite_axe": {
      "trigger": "minecraft:inventory_changed",
      "conditions": {
        "items": [
          {
            "items": [
              "minecraft:netherite_axe"
            ],
            "predicates": {
              "minecraft:enchantments": [
                {
                  "enchantments": "minecraft:efficiency",
                  "levels": {
                    "min": 5
                  }
                },
                {
                  "enchantments": "minecraft:unbreaking",
                  "levels": {
                    "min": 3
                  }
                },
                {
                  "enchantments": "minecraft:mending",
                  "levels": {
                    "min": 1
                  }
                },
                {
                  "enchantments": "minecraft:fortune",
                  "levels": {
                    "min": 3
                  }
                },
                {
                  "enchantments": "minecraft:sharpness",
                  "levels": {
                    "min": 5
                  }
                }
              ]
            }
          }
        ]
      }
    },
    "fortune_bane_of_arthropods_netherite_axe": {
      "trigger": "minecraft:inventory_changed",
      "conditions": {
        "items": [
          {
            "items": [
              "minecraft:netherite_axe"
            ],
            "predicates": {
              "minecraft:enchantments": [
                {
                  "enchantments": "minecraft:efficiency",
                  "levels": {
                    "min": 5
                  }
                },
                {
                  "enchantments": "minecraft:unbreaking",
                  "levels": {
                    "min": 3
                  }
                },
                {
                  "enchantments": "minecraft:mending",
                  "levels": {
                    "min": 1
                  }
                },
                {
                  "enchantments": "minecraft:fortune",
                  "levels": {
                    "min": 3
                  }
                },
                {
                  "enchantments": "minecraft:bane_of_arthropods",
                  "levels": {
                    "min": 5
                  }
                }
              ]
            }
          }
        ]
      }
    },
    "fortune_smite_netherite_axe": {
      "trigger": "minecraft:inventory_changed",
      "conditions": {
        "items": [
          {
            "items": [
              "minecraft:netherite_axe"
            ],
            "predicates": {
              "minecraft:enchantments": [
                {
                  "enchantments": "minecraft:efficiency",
                  "levels": {
                    "min": 5
                  }
                },
                {
                  "enchantments": "minecraft:unbreaking",
                  "levels": {
                    "min": 3
                  }
                },
                {
                  "enchantments": "minecraft:mending",
                  "levels": {
                    "min": 1
                  }
                },
                {
                  "enchantments": "minecraft:fortune",
                  "levels": {
                    "min": 3
                  }
                },
                {
                  "enchantments": "minecraft:smite",
                  "levels": {
                    "min": 5
                  }
                }
              ]
            }
          }
        ]
      }
    }
  },
  "rewards": {
    "function": "bacaped_rewards:enchanting/all_the_netherite_tools"
  }
}