{
  "display": {
    "icon": {
      "id": "minecraft:dragon_breath"
    },
    "title": {
      "translate": "Elementals"
    },
    "description": {
      "translate": "Kill Bogged, Stray, Husk and Drowned with a single piercing shot"
    },
    "frame": "challenge",
    "announce_to_chat": true
  },
  "parent": "minecraft:adventure/arbalistic",
  "criteria": {
    "trigger": {
      "trigger": "minecraft:killed_by_arrow",
      "conditions": {
        "fired_from_weapon": {
          "items": "minecraft:crossbow"
        },
        "victims": [
          {
            "type": "minecraft:bogged"
          },
          {
            "type": "minecraft:husk"
          },
          {
            "type": "minecraft:stray"
          },
          {
            "type": "minecraft:drowned"
          }
        ]
      }
    }
  },
  "rewards": {
    "function": "bacaped_rewards:enchanting/elementals"
  }
}