{
  "display": {
    "icon": {
      "id": "minecraft:brush",
      "components": {
        "minecraft:enchantment_glint_override": true
      }
    },
    "title": {
      "translate": "Master Sweeper"
    },
    "description": {
      "translate": "Create a brush with all possible enchantments at max level"
    },
    "frame": "challenge",
    "announce_to_chat": true
  },
  "parent": "bacaped:enchanting/pyromaniac",
  "criteria": {
    "shears": {
      "trigger": "minecraft:inventory_changed",
      "conditions": {
        "items": [
          {
            "items": [
              "minecraft:brush"
            ],
            "predicates": {
              "minecraft:enchantments": [
                {
                  "enchantments": "minecraft:mending"
                },
                {
                  "enchantments": "minecraft:unbreaking",
                  "levels": {
                    "min": 3
                  }
                }
              ]
            }
          }
        ]
      }
    }
  },
  "rewards": {
    "function": "bacaped_rewards:enchanting/master_sweeper"
  }
}