{
  "display": {
    "icon": {
      "id": "minecraft:player_head",
      "components": {
        "minecraft:profile": {
          "id": [
            -1513601273,
            1034896080,
            -1731725014,
            1705811503
          ],
          "properties": [
            {
              "name": "textures",
              "value": "eyJ0ZXh0dXJlcyI6eyJTS0lOIjp7InVybCI6Imh0dHA6Ly90ZXh0dXJlcy5taW5lY3JhZnQubmV0L3RleHR1cmUvNjkwYWI3YjJmYmM5MDgxZDc3NjFiNzYzZDg0ZGI3MWFlOGE5MWUxZmI0ZTY3ZTdlZjkyNDlhZDMxZGNlMDY3NCJ9fX0="
            }
          ]
        }
      }
    },
    "title": {
      "translate": "Circus Act"
    },
    "description": {
      "translate": "Give an Enderman levitation, then name it \"Circus\" in the End, and finally, kill It in the Overworld using TNT, before the levitation runs out",
      "color": "#FF2A2A"
    },
    "frame": "challenge",
    "announce_to_chat": true,
    "hidden": false
  },
  "parent": "bacaped:challenges/red_plus_red_equals_brown",
  "criteria": {
    "kill_enderman_with_tnt": {
      "trigger": "minecraft:player_killed_entity",
      "conditions": {
        "entity": {
          "type": "minecraft:enderman",
          "nbt": "{Tags:[\"bacaped_circus\"]}",
          "location": {
            "dimension": "minecraft:overworld"
          },
          "effects": {
            "minecraft:levitation": {}
          }
        },
        "killing_blow": {
          "direct_entity": {
            "type": "minecraft:tnt"
          }
        }
      }
    }
  },
  "rewards": {
    "function": "bacaped_rewards:challenges/circus_act"
  }
}