{
  "display": {
    "icon": {
      "id": "minecraft:recovery_compass",
      "components": {
        "minecraft:enchantment_glint_override": true
      }
    },
    "title": {
      "translate": "Compass Overload"
    },
    "description": {
      "translate": "Collect a stack of Recovery Compasses",
      "color": "#FF2A2A"
    },
    "frame": "challenge",
    "announce_to_chat": true
  },
  "parent": "blazeandcave:challenges/abyss_lord",
  "criteria": {
    "trigger": {
      "trigger": "minecraft:location",
      "conditions": {
        "player": {
          "slots": {
            "container.*": {
              "items": "minecraft:recovery_compass",
              "count": 64
            }
          }
        }
      }
    }
  },
  "rewards": {
    "function": "bacaped_rewards:challenges/compass_overload"
  }
}