{
  "display": {
    "icon": {
      "id": "minecraft:player_head",
      "components": {
        "minecraft:profile": {
          "id": [
            1966060030,
            433143968,
            -1720562671,
            -1681035437
          ],
          "properties": [
            {
              "name": "textures",
              "value": "eyJ0ZXh0dXJlcyI6eyJTS0lOIjp7InVybCI6Imh0dHA6Ly90ZXh0dXJlcy5taW5lY3JhZnQubmV0L3RleHR1cmUvYTM4YzFmMjczOGJmNDczMjcyMzZiNGU3NjZhZWZlMDBmZTk0MDliYTNjNDA4MTZlNTU3MDNiMTUxMTk5MWU0ZiJ9fX0="
            }
          ]
        }
      }
    },
    "title": {
      "translate": "Dead Carnival"
    },
    "description": {
      "translate": "Kill every undead mob with a single firework rocket",
      "color": "#FF2A2A",
      "extra": [
        {
          "text": "\n\n"
        },
        {
          "translate": "The following mob is not required:",
          "color": "dark_gray",
          "italic": true
        },
        {
          "text": "\n",
          "color": "gray"
        },
        {
          "translate": "entity.minecraft.wither",
          "color": "gray"
        }
      ]
    },
    "frame": "challenge",
    "announce_to_chat": true
  },
  "parent": "bacaped:challenges/happy_anniversary",
  "criteria": {
    "bogged": {
      "trigger": "minecraft:player_killed_entity",
      "conditions": {
        "entity": {
          "type": "minecraft:bogged"
        },
        "killing_blow": {
          "direct_entity": {
            "type": "minecraft:firework_rocket"
          }
        }
      }
    },
    "zombie": {
      "trigger": "minecraft:player_killed_entity",
      "conditions": {
        "entity": {
          "type": "minecraft:zombie"
        },
        "killing_blow": {
          "direct_entity": {
            "type": "minecraft:firework_rocket"
          }
        }
      }
    },
    "drowned": {
      "trigger": "minecraft:player_killed_entity",
      "conditions": {
        "entity": {
          "type": "minecraft:drowned"
        },
        "killing_blow": {
          "direct_entity": {
            "type": "minecraft:firework_rocket"
          }
        }
      }
    },
    "husk": {
      "trigger": "minecraft:player_killed_entity",
      "conditions": {
        "entity": {
          "type": "minecraft:husk"
        },
        "killing_blow": {
          "direct_entity": {
            "type": "minecraft:firework_rocket"
          }
        }
      }
    },
    "phantom": {
      "trigger": "minecraft:player_killed_entity",
      "conditions": {
        "entity": {
          "type": "minecraft:phantom"
        },
        "killing_blow": {
          "direct_entity": {
            "type": "minecraft:firework_rocket"
          }
        }
      }
    },
    "skeleton": {
      "trigger": "minecraft:player_killed_entity",
      "conditions": {
        "entity": {
          "type": "minecraft:skeleton"
        },
        "killing_blow": {
          "direct_entity": {
            "type": "minecraft:firework_rocket"
          }
        }
      }
    },
    "skeleton_horse": {
      "trigger": "minecraft:player_killed_entity",
      "conditions": {
        "entity": {
          "type": "minecraft:skeleton_horse"
        },
        "killing_blow": {
          "direct_entity": {
            "type": "minecraft:firework_rocket"
          }
        }
      }
    },
    "stray": {
      "trigger": "minecraft:player_killed_entity",
      "conditions": {
        "entity": {
          "type": "minecraft:stray"
        },
        "killing_blow": {
          "direct_entity": {
            "type": "minecraft:firework_rocket"
          }
        }
      }
    },
    "wither_skeleton": {
      "trigger": "minecraft:player_killed_entity",
      "conditions": {
        "entity": {
          "type": "minecraft:wither_skeleton"
        },
        "killing_blow": {
          "direct_entity": {
            "type": "minecraft:firework_rocket"
          }
        }
      }
    },
    "zombie_villager": {
      "trigger": "minecraft:player_killed_entity",
      "conditions": {
        "entity": {
          "type": "minecraft:zombie_villager"
        },
        "killing_blow": {
          "direct_entity": {
            "type": "minecraft:firework_rocket"
          }
        }
      }
    },
    "zombified_piglin": {
      "trigger": "minecraft:player_killed_entity",
      "conditions": {
        "entity": {
          "type": "minecraft:zombified_piglin"
        },
        "killing_blow": {
          "direct_entity": {
            "type": "minecraft:firework_rocket"
          }
        }
      }
    },
    "zoglin": {
      "trigger": "minecraft:player_killed_entity",
      "conditions": {
        "entity": {
          "type": "minecraft:zoglin"
        },
        "killing_blow": {
          "direct_entity": {
            "type": "minecraft:firework_rocket"
          }
        }
      }
    }
  },
  "requirements": [
    [
      "bogged"
    ],
    [
      "zombie"
    ],
    [
      "drowned"
    ],
    [
      "husk"
    ],
    [
      "phantom"
    ],
    [
      "skeleton"
    ],
    [
      "skeleton_horse"
    ],
    [
      "stray"
    ],
    [
      "wither_skeleton"
    ],
    [
      "zombie_villager"
    ],
    [
      "zombified_piglin"
    ],
    [
      "zoglin"
    ]
  ],
  "rewards": {
    "function": "bacaped_rewards:challenges/dead_carnaval"
  }
}