{
  "display": {
    "icon": {
      "id": "minecraft:warden_spawn_egg",
      "components": {
        "minecraft:enchantment_glint_override": true
      }
    },
    "title": {
      "translate": "Dragon vs Warden VI"
    },
    "description": {
      "translate": "Kill a Warden while holding Dragon's Breath in the main hand and Ender Pearl in the offhand wearing Dragon Head, Elytra and Black Leather Pants and Boots with Netherite Eye armor trim with Slow Falling effect applied from the moment of the summoning the Warden and without other players within a 64 block radius during all the fight",
      "color": "#FF2A2A"
    },
    "frame": "challenge",
    "announce_to_chat": true
  },
  "parent": "bacaped:challenges/pyrotechnic_vs_dragon_v",
  "criteria": {
    "good_luck": {
      "trigger": "minecraft:impossible"
    }
  },
  "rewards": {
    "function": "bacaped_rewards:challenges/dragon_vs_warden_vi"
  }
}