{
  "display": {
    "icon": {
      "id": "minecraft:lava_bucket"
    },
    "title": {
      "translate": "Dragon vs Wither IV"
    },
    "description": {
      "translate": "Kill the Wither while in lava while wearing a dragon head and elytra",
      "color": "#FF2A2A"
    },
    "frame": "challenge",
    "announce_to_chat": true
  },
  "parent": "blazeandcave:challenges/dragon_vs_wither_the_pre_sequel",
  "criteria": {
    "Dragon_Vs_Wither_IV": {
      "trigger": "minecraft:player_killed_entity",
      "conditions": {
        "player": {
          "location": {
            "fluid": {
              "fluids": "#minecraft:lava"
            }
          },
          "equipment": {
            "head": {
              "items": [
                "minecraft:dragon_head"
              ]
            },
            "chest": {
              "items": [
                "minecraft:elytra"
              ]
            }
          }
        },
        "entity": {
          "type": "minecraft:wither"
        }
      }
    }
  },
  "rewards": {
    "function": "bacaped_rewards:challenges/dragon_vs_wither_iv"
  }
}