{
  "display": {
    "icon": {
      "id": "minecraft:brewing_stand"
    },
    "title": {
      "translate": "Explosive Elixir"
    },
    "description": {
      "translate": "Have every max possible level effect applied at the same time",
      "color": "light_purple"
    },
    "frame": "challenge",
    "announce_to_chat": true,
    "hidden": true
  },
  "parent": "minecraft:nether/all_effects",
  "criteria": {
    "all_effects": {
      "trigger": "minecraft:effects_changed",
      "conditions": {
        "player": [],
        "effects": {
          "minecraft:speed": {
            "amplifier": {
              "min": 1
            }
          },
          "minecraft:slowness": {
            "amplifier": {
              "min": 5
            }
          },
          "minecraft:strength": {
            "amplifier": {
              "min": 1
            }
          },
          "minecraft:jump_boost": {
            "amplifier": {
              "min": 1
            }
          },
          "minecraft:regeneration": {
            "amplifier": {
              "min": 1
            }
          },
          "minecraft:fire_resistance": {},
          "minecraft:water_breathing": {},
          "minecraft:invisibility": {},
          "minecraft:night_vision": {},
          "minecraft:weakness": {},
          "minecraft:poison": {
            "amplifier": {
              "min": 1
            }
          },
          "minecraft:wither": {
            "amplifier": {
              "min": 1
            }
          },
          "minecraft:haste": {
            "amplifier": {
              "min": 1
            }
          },
          "minecraft:mining_fatigue": {
            "amplifier": {
              "min": 2
            }
          },
          "minecraft:levitation": {},
          "minecraft:glowing": {},
          "minecraft:absorption": {
            "amplifier": {
              "min": 3
            }
          },
          "minecraft:hunger": {
            "amplifier": {
              "min": 2
            }
          },
          "minecraft:nausea": {},
          "minecraft:resistance": {
            "amplifier": {
              "min": 3
            }
          },
          "minecraft:slow_falling": {},
          "minecraft:conduit_power": {},
          "minecraft:dolphins_grace": {},
          "minecraft:blindness": {},
          "minecraft:hero_of_the_village": {
            "amplifier": {
              "min": 4
            }
          },
          "minecraft:darkness": {},
          "minecraft:oozing": {},
          "minecraft:weaving": {},
          "minecraft:infested": {},
          "minecraft:wind_charged": {},
          "minecraft:raid_omen": {
            "amplifier": {
              "min": 4
            }
          },
          "minecraft:bad_omen": {
            "amplifier": {
              "min": 4
            }
          },
          "minecraft:trial_omen": {}
        }
      }
    }
  },
  "rewards": {
    "function": "bacaped_rewards:challenges/explosive_elexir"
  }
}