{
  "display": {
    "icon": {
      "id": "minecraft:firework_rocket"
    },
    "title": {
      "translate": "Happy Minecraft Year"
    },
    "description": {
      "translate": "Launch a firework on new year's day in Minecraft!",
      "color": "light_purple"
    },
    "frame": "challenge",
    "announce_to_chat": true,
    "hidden": true
  },
  "parent": "blazeandcave:challenges/riddle_me_this",
  "criteria": {
    "new_year": {
      "trigger": "minecraft:item_used_on_block",
      "conditions": {
        "player": [
          {
            "condition": "minecraft:time_check",
            "value": {
              "min": 0,
              "max": 24000
            },
            "period": 8760000
          }
        ],
        "location": [
          {
            "condition": "minecraft:match_tool",
            "predicate": {
              "items": "minecraft:firework_rocket"
            }
          }
        ]
      }
    }
  },
  "rewards": {
    "function": "bacaped_rewards:challenges/happy_minecraft_year"
  }
}