{
  "display": {
    "icon": {
      "id": "minecraft:player_head",
      "components": {
        "minecraft:profile": {
          "id": [
            -780368828,
            1534086315,
            -1775345481,
            -387635711
          ],
          "properties": [
            {
              "name": "textures",
              "value": "eyJ0ZXh0dXJlcyI6eyJTS0lOIjp7InVybCI6Imh0dHA6Ly90ZXh0dXJlcy5taW5lY3JhZnQubmV0L3RleHR1cmUvNmRlNzVhMmNjMWM5NTBlODJmNjJhYmUyMGQ0Mjc1NDM3OWRmYWQ2ZjVmZjU0NmU1OGYxYzA5MDYxODYyYmI5MiJ9fX0="
            }
          ]
        }
      }
    },
    "title": {
      "translate": "How Did You End Up Here"
    },
    "description": {
      "translate": "Kill a Bat in the End below the height of the world",
      "color": "#FF2A2A"
    },
    "frame": "challenge",
    "announce_to_chat": true
  },
  "parent": "bacaped:challenges/zero_coordinates_magnet",
  "criteria": {
    "trigger": {
      "trigger": "minecraft:player_killed_entity",
      "conditions": {
        "entity": {
          "type": "minecraft:bat",
          "location": {
            "position": {
              "y": {
                "max": 0
              }
            },
            "dimension": "minecraft:the_end"
          }
        }
      }
    }
  },
  "rewards": {
    "function": "bacaped_rewards:challenges/how_did_you_end_up_here"
  }
}