{
  "display": {
    "icon": {
      "id": "minecraft:player_head",
      "components": {
        "minecraft:profile": {
          "id": [
            -509434006,
            -648395139,
            -1373835488,
            140538602
          ],
          "properties": [
            {
              "name": "textures",
              "value": "eyJ0ZXh0dXJlcyI6eyJTS0lOIjp7InVybCI6Imh0dHA6Ly90ZXh0dXJlcy5taW5lY3JhZnQubmV0L3RleHR1cmUvNzg4MWM4NzY0ZmJmOTNiMjMxNWNhMTEzNTczZmE3OTlmNGNmZGMwY2E4NjhjODM0MDUyNTVhN2Q1NTZhNzM5ZiJ9fX0="
            }
          ]
        }
      }
    },
    "title": {
      "translate": "Mob Universe"
    },
    "description": {
      "translate": "Collect all types of mobs from their dimension in each dimension (have them all within 128 blocks of you)",
      "color": "#FF2A2A",
      "extra": [
        {
          "text": "\n\n"
        },
        {
          "translate": "To view list of required mobs, run:",
          "color": "dark_gray",
          "italic": true
        },
        {
          "text": "\n"
        },
        {
          "text": "/trigger bacaped_mob_universe",
          "color": "gray"
        }
      ]
    },
    "frame": "challenge",
    "announce_to_chat": true
  },
  "parent": "bacaped:challenges/the_apocalyptic_decalogy",
  "criteria": {
    "overworld": {
      "trigger": "minecraft:impossible"
    },
    "nether": {
      "trigger": "minecraft:impossible"
    },
    "end": {
      "trigger": "minecraft:impossible"
    }
  },
  "rewards": {
    "function": "bacaped_rewards:challenges/mob_universe"
  }
}