{
  "display": {
    "icon": {
      "id": "minecraft:player_head",
      "components": {
        "minecraft:profile": {
          "id": [
            -2006193856,
            -1495708579,
            -1685070749,
            -1573869777
          ],
          "properties": [
            {
              "name": "textures",
              "value": "eyJ0ZXh0dXJlcyI6eyJTS0lOIjp7InVybCI6Imh0dHA6Ly90ZXh0dXJlcy5taW5lY3JhZnQubmV0L3RleHR1cmUvOTBlMWVkM2Y4M2UzYzk0OTgyNGFkZjU3Yjk3NmQ0ZjhjYWJiYjkwZDNiMDdkOTBjYWM3ZjY4ZjAxZWI4NzUxZSJ9fX0="
            }
          ]
        }
      }
    },
    "title": {
      "translate": "My Little Pig"
    },
    "description": {
      "translate": "Be 10,000 blocks above the world while riding a Pig",
      "color": "#FF2A2A"
    },
    "frame": "challenge",
    "announce_to_chat": true
  },
  "parent": "bacaped:challenges/pulse_detonation_engine",
  "criteria": {
    "pig_above_10000": {
      "trigger": "minecraft:location",
      "conditions": {
        "player": {
          "location": {
            "position": {
              "y": {
                "min": 10000
              }
            }
          },
          "vehicle": {
            "type": "minecraft:pig"
          }
        }
      }
    }
  },
  "rewards": {
    "function": "bacaped_rewards:challenges/my_little_pig"
  }
}