{
  "display": {
    "icon": {
      "id": "minecraft:player_head",
      "components": {
        "minecraft:profile": {
          "id": [
            1794114484,
            -1643427532,
            -1151239384,
            967931759
          ],
          "properties": [
            {
              "name": "textures",
              "value": "eyJ0ZXh0dXJlcyI6eyJTS0lOIjp7InVybCI6Imh0dHA6Ly90ZXh0dXJlcy5taW5lY3JhZnQubmV0L3RleHR1cmUvNTBjMTNiOWE3MDQ5ZDE5MTUwOGJhNjc1OGMwOWE5MWQ5MjNjNGI5OTcyMDUyYzM1NjAyYWY1NGYwYzRiYjU1YSJ9fX0="
            }
          ]
        }
      }
    },
    "title": {
      "translate": "Oh, My Broken Legs"
    },
    "description": {
      "translate": "Survive a fall from 1000 blocks above the world without landing on any blocks that soften the fall, with an empty inventory, and without any effects",
      "color": "#FF2A2A"
    },
    "frame": "challenge",
    "announce_to_chat": true
  },
  "parent": "bacaped:challenges/celestial_protocol",
  "criteria": {
    "trigger": {
      "trigger": "minecraft:fall_from_height",
      "conditions": {
        "player": [
          {
            "condition": "minecraft:inverted",
            "term": {
              "condition": "minecraft:entity_properties",
              "entity": "this",
              "predicate": {
                "effects": {
                  "minecraft:absorption": {}
                }
              }
            }
          },
          {
            "condition": "minecraft:inverted",
            "term": {
              "condition": "minecraft:any_of",
              "terms": [
                {
                  "condition": "minecraft:location_check",
                  "offsetY": -2,
                  "predicate": {
                    "fluid": {
                      "fluids": "#minecraft:lava"
                    }
                  }
                },
                {
                  "condition": "minecraft:location_check",
                  "offsetY": -1,
                  "predicate": {
                    "fluid": {
                      "fluids": "#minecraft:lava"
                    }
                  }
                }
              ]
            }
          },
          {
            "condition": "minecraft:inverted",
            "term": {
              "condition": "minecraft:any_of",
              "terms": [
                {
                  "condition": "minecraft:location_check",
                  "offsetY": -2,
                  "predicate": {
                    "fluid": {
                      "fluids": "#minecraft:water"
                    }
                  }
                },
                {
                  "condition": "minecraft:location_check",
                  "offsetY": -3,
                  "predicate": {
                    "fluid": {
                      "fluids": "#minecraft:water"
                    }
                  }
                },
                {
                  "condition": "minecraft:location_check",
                  "offsetY": -4,
                  "predicate": {
                    "fluid": {
                      "fluids": "#minecraft:water"
                    }
                  }
                },
                {
                  "condition": "minecraft:location_check",
                  "offsetY": -5,
                  "predicate": {
                    "fluid": {
                      "fluids": "#minecraft:water"
                    }
                  }
                },
                {
                  "condition": "minecraft:location_check",
                  "offsetY": -1,
                  "predicate": {
                    "fluid": {
                      "fluids": "#minecraft:water"
                    }
                  }
                }
              ]
            }
          },
          {
            "condition": "minecraft:inverted",
            "term": {
              "condition": "minecraft:entity_properties",
              "entity": "this",
              "predicate": {
                "effects": {
                  "minecraft:resistance": {}
                }
              }
            }
          },
          {
            "condition": "minecraft:entity_properties",
            "entity": "this",
            "predicate": {
              "nbt": "{Inventory:[]}"
            }
          },
          {
            "condition": "minecraft:inverted",
            "term": {
              "condition": "minecraft:entity_properties",
              "entity": "this",
              "predicate": {
                "effects": {
                  "minecraft:slow_falling": {}
                }
              }
            }
          },
          {
            "condition": "minecraft:inverted",
            "term": {
              "condition": "minecraft:entity_properties",
              "entity": "this",
              "predicate": {
                "stepping_on": {
                  "block": {
                    "blocks": "#minecraft:beds"
                  }
                }
              }
            }
          },
          {
            "condition": "minecraft:inverted",
            "term": {
              "condition": "minecraft:entity_properties",
              "entity": "this",
              "predicate": {
                "stepping_on": {
                  "block": {
                    "blocks": [
                      "minecraft:water",
                      "minecraft:slime_block",
                      "minecraft:honey_block",
                      "minecraft:hay_block",
                      "minecraft:lava",
                      "minecraft:cobweb",
                      "minecraft:scaffolding",
                      "minecraft:powder_snow"
                    ]
                  }
                }
              }
            }
          }
        ],
        "start_position": {
          "position": {
            "y": {
              "min": 1000
            }
          }
        }
      }
    }
  },
  "rewards": {
    "function": "bacaped_rewards:challenges/oh_my_broken_legs"
  }
}