{
  "display": {
    "icon": {
      "id": "minecraft:porkchop",
      "components": {
        "minecraft:enchantment_glint_override": true
      }
    },
    "title": {
      "translate": "Piggish Poison Tango"
    },
    "description": {
      "translate": "Kill a Warden with an empty inventory with effects of poison, nausea and hunger sitting on a Pig",
      "color": "#FF2A2A"
    },
    "frame": "challenge",
    "announce_to_chat": true
  },
  "parent": "bacaped:challenges/how_did_you_end_up_here",
  "criteria": {
    "trigger": {
      "trigger": "minecraft:player_killed_entity",
      "conditions": {
        "player": {
          "nbt": "{Inventory:[]}",
          "vehicle": {
            "type": "minecraft:pig"
          },
          "effects": {
            "minecraft:poison": {},
            "minecraft:nausea": {},
            "minecraft:hunger": {}
          }
        },
        "entity": {
          "type": "minecraft:warden"
        },
        "killing_blow": {
          "tags": [
            {
              "id": "minecraft:is_projectile",
              "expected": false
            }
          ]
        }
      }
    }
  },
  "rewards": {
    "function": "bacaped_rewards:challenges/piggish_poison_tango"
  }
}