{
  "display": {
    "icon": {
      "id": "minecraft:tnt",
      "components": {
        "minecraft:enchantment_glint_override": true
      }
    },
    "title": {
      "translate": "Pulse Detonation Engine"
    },
    "description": {
      "translate": "Launch yourself at least 1000 blocks up with TNT explosions",
      "color": "#FF2A2A"
    },
    "frame": "challenge",
    "announce_to_chat": true
  },
  "parent": "bacaped:challenges/void_being",
  "criteria": {
    "we_have_liftoff": {
      "trigger": "minecraft:fall_after_explosion",
      "conditions": {
        "distance": {
          "y": {
            "min": 1000
          }
        },
        "cause": [
          {
            "condition": "minecraft:entity_properties",
            "entity": "this",
            "predicate": {
              "type": "minecraft:tnt"
            }
          }
        ]
      }
    }
  },
  "rewards": {
    "function": "bacaped_rewards:challenges/pulse_detonation_engine"
  }
}