{
  "display": {
    "icon": {
      "id": "minecraft:firework_rocket",
      "components": {
        "minecraft:enchantment_glint_override": true
      }
    },
    "title": {
      "translate": "Pyrotechnic vs Dragon V"
    },
    "description": {
      "translate": "Kill the Ender Dragon using a crossbow with fireworks while wearing a Piglin head, elytra, and golden boots without taking damage and touching the ground",
      "color": "#FF2A2A"
    },
    "frame": "challenge",
    "announce_to_chat": true
  },
  "parent": "bacaped:challenges/dragon_vs_wither_iv",
  "criteria": {
    "trigger": {
      "trigger": "minecraft:impossible"
    }
  },
  "rewards": {
    "function": "bacaped_rewards:challenges/pyrotechnic_vs_dragon_v"
  }
}