{
  "display": {
    "icon": {
      "id": "minecraft:brown_dye",
      "components": {
        "minecraft:enchantment_glint_override": true
      }
    },
    "title": {
      "translate": "Red + Red = Brown"
    },
    "description": {
      "translate": "Get a Brown Mooshroom by breeding two Red Mooshrooms",
      "color": "#FF2A2A"
    },
    "frame": "challenge",
    "announce_to_chat": true
  },
  "parent": "bacaped:challenges/star_fisherman",
  "criteria": {
    "get_brown_mooshroom_from_two_red": {
      "trigger": "minecraft:bred_animals",
      "conditions": {
        "parent": {
          "type": "minecraft:mooshroom",
          "components": {
            "minecraft:mooshroom/variant": "red"
          }
        },
        "partner": {
          "type": "minecraft:mooshroom",
          "components": {
            "minecraft:mooshroom/variant": "red"
          }
        },
        "child": {
          "type": "minecraft:mooshroom",
          "components": {
            "minecraft:mooshroom/variant": "brown"
          }
        }
      }
    }
  },
  "rewards": {
    "function": "bacaped_rewards:challenges/red_plus_red_equals_brown"
  }
}