{
  "display": {
    "icon": {
      "id": "minecraft:player_head",
      "components": {
        "minecraft:profile": {
          "id": [
            -1778533635,
            804798724,
            -1543799613,
            1307497347
          ],
          "properties": [
            {
              "name": "textures",
              "value": "eyJ0ZXh0dXJlcyI6eyJTS0lOIjp7InVybCI6Imh0dHA6Ly90ZXh0dXJlcy5taW5lY3JhZnQubmV0L3RleHR1cmUvOTg4YzA4YTMwNTUzMjVkMTNlZGRlMzhhNTMyZjIxODFlMmE1OGZiMjZmZGY3OTg3ZmIzZjIyODg4NGUzZDI1ZSJ9fX0="
            }
          ]
        }
      }
    },
    "title": {
      "translate": "Show the Nether to a Silverfish"
    },
    "description": {
      "translate": "Look at a Silverfish in a Bastion, Fortress and a Ruined Portal in the Nether using Spyglass",
      "color": "#FF2A2A"
    },
    "frame": "challenge",
    "announce_to_chat": true
  },
  "parent": "blazeandcave:challenges/highway_to_hell",
  "criteria": {
    "ruined_portal": {
      "trigger": "minecraft:using_item",
      "conditions": {
        "player": {
          "type_specific": {
            "type": "minecraft:player",
            "looking_at": {
              "type": "minecraft:silverfish",
              "location": {
                "structures": "minecraft:ruined_portal_nether"
              }
            }
          }
        },
        "item": {
          "items": [
            "minecraft:spyglass"
          ]
        }
      }
    },
    "fortress": {
      "trigger": "minecraft:using_item",
      "conditions": {
        "player": {
          "type_specific": {
            "type": "minecraft:player",
            "looking_at": {
              "type": "minecraft:silverfish",
              "location": {
                "structures": "minecraft:fortress"
              }
            }
          }
        },
        "item": {
          "items": [
            "minecraft:spyglass"
          ]
        }
      }
    },
    "bastion": {
      "trigger": "minecraft:using_item",
      "conditions": {
        "player": {
          "type_specific": {
            "type": "minecraft:player",
            "looking_at": {
              "type": "minecraft:silverfish",
              "location": {
                "structures": "minecraft:bastion_remnant"
              }
            }
          }
        },
        "item": {
          "items": [
            "minecraft:spyglass"
          ]
        }
      }
    }
  },
  "rewards": {
    "function": "bacaped_rewards:challenges/show_the_nether_to_a_silverfish"
  }
}