{
  "display": {
    "icon": {
      "id": "minecraft:end_portal_frame",
      "components": {}
    },
    "title": {
      "translate": "Silence Is Loud Here"
    },
    "description": {
      "translate": "Step into the Outer Ring of the End Dimension",
      "color": "#FF2A2A"
    },
    "frame": "challenge",
    "announce_to_chat": true
  },
  "parent": "blazeandcave:challenges/explorer_of_worlds",
  "criteria": {
    "trigger": {
      "trigger": "minecraft:impossible"
    }
  },
  "rewards": {
    "function": "bacaped_rewards:challenges/silence_is_loud_here"
  }
}