{
  "display": {
    "icon": {
      "id": "minecraft:nautilus_shell"
    },
    "title": {
      "translate": "Star Fisherman"
    },
    "description": {
      "translate": "Catch a nautilus shell while you are 261 blocks high in the End",
      "color": "#FF2A2A"
    },
    "frame": "challenge",
    "announce_to_chat": true
  },
  "parent": "bacaped:challenges/astronomer",
  "criteria": {
    "good_luck": {
      "trigger": "minecraft:fishing_rod_hooked",
      "conditions": {
        "player": {
          "location": {
            "position": {
              "y": {
                "min": 261
              }
            },
            "dimension": "minecraft:the_end"
          }
        },
        "item": {
          "items": [
            "minecraft:nautilus_shell"
          ]
        }
      }
    }
  },
  "rewards": {
    "function": "bacaped_rewards:challenges/star_fisherman"
  }
}