{
  "display": {
    "icon": {
      "id": "minecraft:player_head",
      "components": {
        "minecraft:profile": {
          "id": [
            830066427,
            -779858774,
            -1271385841,
            -2128600239
          ],
          "properties": [
            {
              "name": "textures",
              "value": "eyJ0ZXh0dXJlcyI6eyJTS0lOIjp7InVybCI6Imh0dHA6Ly90ZXh0dXJlcy5taW5lY3JhZnQubmV0L3RleHR1cmUvODM3ZjE2MTdjMDE0OWE1NjA3NmIzMDI1Y2RhMjU3YjAwMTJmMmEyZmI1ZWFkYTNmZDczMDRiMmZkZGE4OWZjMCJ9fX0="
            }
          ]
        }
      }
    },
    "title": {
      "translate": "The World Is Actually Ending 2"
    },
    "description": {
      "translate": "Summon 64 Withers at once",
      "color": "#FF2A2A"
    },
    "frame": "challenge",
    "announce_to_chat": true
  },
  "parent": "blazeandcave:challenges/the_world_is_ending",
  "criteria": {
    "64_withers": {
      "trigger": "minecraft:impossible"
    }
  },
  "rewards": {
    "function": "bacaped_rewards:challenges/the_world_is_actually_ending_2"
  }
}