{
  "display": {
    "icon": {
      "id": "minecraft:player_head",
      "components": {
        "minecraft:profile": {
          "id": [
            -593313150,
            -1405336693,
            -1749156860,
            -485068167
          ],
          "properties": [
            {
              "name": "textures",
              "value": "eyJ0ZXh0dXJlcyI6eyJTS0lOIjp7InVybCI6Imh0dHA6Ly90ZXh0dXJlcy5taW5lY3JhZnQubmV0L3RleHR1cmUvMzIzYWJlODM4ZGVlY2YzODk0YmFmYTMyMDdhOThhZGQ0ODAzNmRkMmVlZDRkZDExYmQyMmJmZWUzZmM0Yjk5MyJ9fX0="
            }
          ]
        }
      }
    },
    "title": {
      "translate": "The Apocalyptic Decalogy"
    },
    "description": {
      "translate": "Have the Wither, Elder Guardian, Warden, Ravager, Ghast, Charged Creeper, Phantom, Evoker, Blaze and the Ender Dragon in one place (have them all within 48 blocks of you)",
      "color": "#FF2A2A"
    },
    "frame": "challenge",
    "announce_to_chat": true
  },
  "parent": "bacaped:challenges/magic_kingdom",
  "criteria": {
    "trigger": {
      "trigger": "minecraft:impossible"
    }
  },
  "rewards": {
    "function": "bacaped_rewards:challenges/the_apocalyptic_decalogy"
  }
}