{
  "display": {
    "icon": {
      "id": "minecraft:pointed_dripstone",
      "components": {
        "minecraft:enchantment_glint_override": true
      }
    },
    "title": {
      "translate": "What a Stupid Purchase"
    },
    "description": {
      "translate": "Buy pointed dripstone from a Wandering Trader in dripstone caves",
      "color": "light_purple"
    },
    "frame": "challenge",
    "announce_to_chat": true,
    "hidden": true
  },
  "parent": "blazeandcave:challenges/root",
  "criteria": {
    "buy_pointed_dripstone": {
      "trigger": "minecraft:villager_trade",
      "conditions": {
        "villager": {
          "location": {
            "biomes": "minecraft:dripstone_caves"
          }
        },
        "item": {
          "items": [
            "minecraft:pointed_dripstone"
          ]
        }
      }
    }
  },
  "rewards": {
    "function": "bacaped_rewards:challenges/what_a_stupid_purchase"
  }
}