{
  "display": {
    "icon": {
      "id": "minecraft:skull_banner_pattern",
      "components": {}
    },
    "title": {
      "translate": "Wither Aboard!"
    },
    "description": {
      "translate": "Defeat the Wither in the shipwreck with a Parrot sitting on your shoulder",
      "color": "#FF2A2A"
    },
    "frame": "challenge",
    "announce_to_chat": true
  },
  "parent": "bacaped:challenges/dead_carnaval",
  "criteria": {
    "trigger": {
      "trigger": "minecraft:player_killed_entity",
      "conditions": {
        "player": [
          {
            "condition": "minecraft:entity_properties",
            "entity": "this",
            "predicate": {
              "location": {
                "structures": "#minecraft:shipwreck"
              }
            }
          },
          {
            "condition": "minecraft:any_of",
            "terms": [
              {
                "condition": "minecraft:entity_properties",
                "entity": "this",
                "predicate": {
                  "nbt": "{ShoulderEntityLeft:{id:\"minecraft:parrot\"}}"
                }
              },
              {
                "condition": "minecraft:entity_properties",
                "entity": "this",
                "predicate": {
                  "nbt": "{ShoulderEntityRight:{id:\"minecraft:parrot\"}}"
                }
              }
            ]
          }
        ],
        "entity": {
          "type": "minecraft:wither",
          "location": {
            "structures": "#minecraft:shipwreck"
          }
        }
      }
    }
  },
  "rewards": {
    "function": "bacaped_rewards:challenges/wither_aboard"
  }
}