{
  "display": {
    "icon": {
      "id": "minecraft:player_head",
      "components": {
        "minecraft:profile": {
          "id": [
            955348671,
            1491291945,
            -1535514255,
            399734391
          ],
          "properties": [
            {
              "name": "textures",
              "value": "eyJ0ZXh0dXJlcyI6eyJTS0lOIjp7InVybCI6Imh0dHA6Ly90ZXh0dXJlcy5taW5lY3JhZnQubmV0L3RleHR1cmUvODg4ZWRjMDBkY2RjZDlmZDgyZTc4NTVmNTRhMDEyY2ZiZjU2MzhjNjkyNDkwMTUzNjQ1ZjVmNmE4NWQyZDc1ZCJ9fX0="
            }
          ]
        }
      }
    },
    "title": {
      "translate": "Crafting Lockdown"
    },
    "description": {
      "translate": "Open a crafter with all slots disabled",
      "color": "green"
    },
    "frame": "task",
    "announce_to_chat": true
  },
  "parent": "blazeandcave:redstone/craftception",
  "criteria": {
    "trigger": {
      "trigger": "minecraft:default_block_use",
      "conditions": {
        "location": [
          {
            "condition": "minecraft:location_check",
            "predicate": {
              "block": {
                "blocks": "minecraft:crafter",
                "nbt": "{disabled_slots: [I; 0, 1, 2, 3, 4, 5, 6, 7, 8]}"
              }
            }
          }
        ]
      }
    }
  },
  "rewards": {
    "function": "bacaped_rewards:redstone/crafting_lockdown"
  }
}