{
  "display": {
    "icon": {
      "id": "minecraft:sugar_cane"
    },
    "title": {
      "translate": "Farm Basics"
    },
    "description": {
      "translate": "Place an observer facing sugarcane or bamboo",
      "color": "#75E1FF"
    },
    "frame": "goal",
    "announce_to_chat": true
  },
  "parent": "blazeandcave:redstone/observer_buddy",
  "criteria": {
    "trigger": {
      "trigger": "minecraft:placed_block",
      "conditions": {
        "location": [
          {
            "condition": "minecraft:any_of",
            "terms": [
              {
                "condition": "minecraft:all_of",
                "terms": [
                  {
                    "condition": "minecraft:block_state_property",
                    "block": "minecraft:observer",
                    "properties": {
                      "facing": "west"
                    }
                  },
                  {
                    "condition": "minecraft:location_check",
                    "offsetX": -1,
                    "predicate": {
                      "block": {
                        "blocks": [
                          "minecraft:sugar_cane",
                          "minecraft:bamboo",
                          "minecraft:bamboo_sapling"
                        ]
                      }
                    }
                  }
                ]
              },
              {
                "condition": "minecraft:all_of",
                "terms": [
                  {
                    "condition": "minecraft:block_state_property",
                    "block": "minecraft:observer",
                    "properties": {
                      "facing": "south"
                    }
                  },
                  {
                    "condition": "minecraft:location_check",
                    "offsetZ": 1,
                    "predicate": {
                      "block": {
                        "blocks": [
                          "minecraft:sugar_cane",
                          "minecraft:bamboo",
                          "minecraft:bamboo_sapling"
                        ]
                      }
                    }
                  }
                ]
              },
              {
                "condition": "minecraft:all_of",
                "terms": [
                  {
                    "condition": "minecraft:block_state_property",
                    "block": "minecraft:observer",
                    "properties": {
                      "facing": "east"
                    }
                  },
                  {
                    "condition": "minecraft:location_check",
                    "offsetX": 1,
                    "predicate": {
                      "block": {
                        "blocks": [
                          "minecraft:sugar_cane",
                          "minecraft:bamboo",
                          "minecraft:bamboo_sapling"
                        ]
                      }
                    }
                  }
                ]
              },
              {
                "condition": "minecraft:all_of",
                "terms": [
                  {
                    "condition": "minecraft:block_state_property",
                    "block": "minecraft:observer",
                    "properties": {
                      "facing": "north"
                    }
                  },
                  {
                    "condition": "minecraft:location_check",
                    "offsetZ": -1,
                    "predicate": {
                      "block": {
                        "blocks": [
                          "minecraft:sugar_cane",
                          "minecraft:bamboo",
                          "minecraft:bamboo_sapling"
                        ]
                      }
                    }
                  }
                ]
              },
              {
                "condition": "minecraft:all_of",
                "terms": [
                  {
                    "condition": "minecraft:block_state_property",
                    "block": "minecraft:observer",
                    "properties": {
                      "facing": "down"
                    }
                  },
                  {
                    "condition": "minecraft:location_check",
                    "offsetY": -1,
                    "predicate": {
                      "block": {
                        "blocks": [
                          "minecraft:sugar_cane",
                          "minecraft:bamboo",
                          "minecraft:bamboo_sapling"
                        ]
                      }
                    }
                  }
                ]
              }
            ]
          }
        ]
      }
    }
  },
  "rewards": {
    "function": "bacaped_rewards:redstone/farm_basics"
  }
}