{
  "display": {
    "icon": {
      "id": "minecraft:beehive"
    },
    "title": {
      "translate": "Say NO to Campfires"
    },
    "description": {
      "translate": "Place a dispenser next to a beehive to automate your buzzing buddies\u2019 work",
      "color": "#75E1FF"
    },
    "frame": "goal",
    "announce_to_chat": true,
    "hidden": false
  },
  "parent": "blazeandcave:redstone/dispense_with_this",
  "criteria": {
    "trigger": {
      "trigger": "minecraft:placed_block",
      "conditions": {
        "location": [
          {
            "condition": "minecraft:any_of",
            "terms": [
              {
                "condition": "minecraft:all_of",
                "terms": [
                  {
                    "condition": "minecraft:block_state_property",
                    "block": "minecraft:dispenser",
                    "properties": {
                      "facing": "west"
                    }
                  },
                  {
                    "condition": "minecraft:location_check",
                    "offsetX": -1,
                    "predicate": {
                      "block": {
                        "blocks": [
                          "minecraft:bee_nest",
                          "minecraft:beehive"
                        ]
                      }
                    }
                  }
                ]
              },
              {
                "condition": "minecraft:all_of",
                "terms": [
                  {
                    "condition": "minecraft:block_state_property",
                    "block": "minecraft:dispenser",
                    "properties": {
                      "facing": "east"
                    }
                  },
                  {
                    "condition": "minecraft:location_check",
                    "offsetX": 1,
                    "predicate": {
                      "block": {
                        "blocks": [
                          "minecraft:bee_nest",
                          "minecraft:beehive"
                        ]
                      }
                    }
                  }
                ]
              },
              {
                "condition": "minecraft:all_of",
                "terms": [
                  {
                    "condition": "minecraft:block_state_property",
                    "block": "minecraft:dispenser",
                    "properties": {
                      "facing": "south"
                    }
                  },
                  {
                    "condition": "minecraft:location_check",
                    "offsetZ": 1,
                    "predicate": {
                      "block": {
                        "blocks": [
                          "minecraft:bee_nest",
                          "minecraft:beehive"
                        ]
                      }
                    }
                  }
                ]
              },
              {
                "condition": "minecraft:all_of",
                "terms": [
                  {
                    "condition": "minecraft:block_state_property",
                    "block": "minecraft:dispenser",
                    "properties": {
                      "facing": "north"
                    }
                  },
                  {
                    "condition": "minecraft:location_check",
                    "offsetZ": -1,
                    "predicate": {
                      "block": {
                        "blocks": [
                          "minecraft:bee_nest",
                          "minecraft:beehive"
                        ]
                      }
                    }
                  }
                ]
              },
              {
                "condition": "minecraft:all_of",
                "terms": [
                  {
                    "condition": "minecraft:block_state_property",
                    "block": "minecraft:dispenser",
                    "properties": {
                      "facing": "up"
                    }
                  },
                  {
                    "condition": "minecraft:location_check",
                    "offsetY": 1,
                    "predicate": {
                      "block": {
                        "blocks": [
                          "minecraft:bee_nest",
                          "minecraft:beehive"
                        ]
                      }
                    }
                  }
                ]
              },
              {
                "condition": "minecraft:all_of",
                "terms": [
                  {
                    "condition": "minecraft:block_state_property",
                    "block": "minecraft:dispenser",
                    "properties": {
                      "facing": "down"
                    }
                  },
                  {
                    "condition": "minecraft:location_check",
                    "offsetY": -1,
                    "predicate": {
                      "block": {
                        "blocks": [
                          "minecraft:bee_nest",
                          "minecraft:beehive"
                        ]
                      }
                    }
                  }
                ]
              }
            ]
          }
        ]
      }
    }
  },
  "rewards": {
    "function": "bacaped_rewards:redstone/say_no_to_campfires"
  }
}