{
  "display": {
    "icon": {
      "id": "minecraft:lingering_potion",
      "components": {
        "minecraft:potion_contents": {
          "potion": "minecraft:strong_turtle_master"
        }
      }
    },
    "title": {
      "translate": "Armor in a Bottle"
    },
    "description": {
      "translate": "Brew a Strong Lingering Potion of the Turtle Master",
      "color": "#75E1FF"
    },
    "frame": "goal",
    "announce_to_chat": true,
    "hidden": false
  },
  "parent": "bacaped:potion/cowabunga_it_is",
  "criteria": {
    "trigger": {
      "trigger": "minecraft:location",
      "conditions": {
        "player": {
          "slots": {
            "container.*": {
              "items": "minecraft:lingering_potion",
              "components": {
                "minecraft:potion_contents": {
                  "potion": "minecraft:strong_turtle_master"
                }
              }
            }
          }
        }
      }
    }
  },
  "rewards": {
    "function": "bacaped_rewards:potion/armor_in_a_bottle"
  }
}