{
  "display": {
    "icon": {
      "id": "minecraft:potion",
      "components": {
        "minecraft:potion_contents": {
          "potion": "minecraft:water",
          "custom_color": 563456
        }
      }
    },
    "title": {
      "translate": "Flashlight"
    },
    "description": {
      "translate": "Have Night Vision and Darkness effects at the same time",
      "color": "#75E1FF"
    },
    "frame": "goal",
    "announce_to_chat": true
  },
  "parent": "blazeandcave:potion/stealth_takedown",
  "criteria": {
    "two_effects": {
      "trigger": "minecraft:effects_changed",
      "conditions": {
        "effects": {
          "minecraft:darkness": {},
          "minecraft:night_vision": {}
        }
      }
    }
  },
  "rewards": {
    "function": "bacaped_rewards:potion/flashlight"
  }
}