{
  "display": {
    "icon": {
      "id": "minecraft:tipped_arrow",
      "components": {
        "minecraft:potion_contents": {
          "potion": "minecraft:healing"
        }
      }
    },
    "title": {
      "translate": "Healed by Pain"
    },
    "description": {
      "translate": "Take damage from an arrow with a strong healing effect",
      "color": "#75E1FF"
    },
    "frame": "goal",
    "announce_to_chat": true
  },
  "parent": "blazeandcave:potion/imbued_projectiles",
  "criteria": {
    "trigger": {
      "trigger": "minecraft:entity_hurt_player",
      "conditions": {
        "damage": {
          "type": {
            "direct_entity": {
              "type": "minecraft:arrow",
              "nbt": "{item: {components: {\"minecraft:potion_contents\": {potion: \"minecraft:strong_healing\"}}}}"
            }
          }
        }
      }
    }
  },
  "rewards": {
    "function": "bacaped_rewards:potion/healed_by_pain"
  }
}