{
  "display": {
    "icon": {
      "id": "minecraft:glass_bottle",
      "components": {
        "minecraft:enchantment_glint_override": true
      }
    },
    "title": {
      "translate": "Master of Effects"
    },
    "description": {
      "translate": "Get all the max level effects possible during your life (not all at the same time)",
      "color": "dark_purple"
    },
    "frame": "challenge",
    "announce_to_chat": true
  },
  "parent": "blazeandcave:potion/a_much_more_doable_challenge",
  "criteria": {
    "speed": {
      "trigger": "minecraft:effects_changed",
      "conditions": {
        "effects": {
          "minecraft:speed": {
            "amplifier": {
              "min": 1
            }
          }
        }
      }
    },
    "trial_omen": {
      "trigger": "minecraft:effects_changed",
      "conditions": {
        "effects": {
          "minecraft:trial_omen": {}
        }
      }
    },
    "slowness": {
      "trigger": "minecraft:effects_changed",
      "conditions": {
        "effects": {
          "minecraft:slowness": {
            "amplifier": {
              "min": 5
            }
          }
        }
      }
    },
    "strength": {
      "trigger": "minecraft:effects_changed",
      "conditions": {
        "effects": {
          "minecraft:strength": {
            "amplifier": {
              "min": 1
            }
          }
        }
      }
    },
    "jump_boost": {
      "trigger": "minecraft:effects_changed",
      "conditions": {
        "effects": {
          "minecraft:jump_boost": {
            "amplifier": {
              "min": 1
            }
          }
        }
      }
    },
    "regeneration": {
      "trigger": "minecraft:effects_changed",
      "conditions": {
        "effects": {
          "minecraft:regeneration": {
            "amplifier": {
              "min": 1
            }
          }
        }
      }
    },
    "fire_resistance": {
      "trigger": "minecraft:effects_changed",
      "conditions": {
        "effects": {
          "minecraft:fire_resistance": {}
        }
      }
    },
    "water_breathing": {
      "trigger": "minecraft:effects_changed",
      "conditions": {
        "effects": {
          "minecraft:water_breathing": {}
        }
      }
    },
    "invisibility": {
      "trigger": "minecraft:effects_changed",
      "conditions": {
        "effects": {
          "minecraft:invisibility": {}
        }
      }
    },
    "night_vision": {
      "trigger": "minecraft:effects_changed",
      "conditions": {
        "effects": {
          "minecraft:night_vision": {}
        }
      }
    },
    "weakness": {
      "trigger": "minecraft:effects_changed",
      "conditions": {
        "effects": {
          "minecraft:weakness": {}
        }
      }
    },
    "poison": {
      "trigger": "minecraft:effects_changed",
      "conditions": {
        "effects": {
          "minecraft:poison": {
            "amplifier": {
              "min": 1
            }
          }
        }
      }
    },
    "wither": {
      "trigger": "minecraft:effects_changed",
      "conditions": {
        "effects": {
          "minecraft:wither": {
            "amplifier": {
              "min": 1
            }
          }
        }
      }
    },
    "haste": {
      "trigger": "minecraft:effects_changed",
      "conditions": {
        "effects": {
          "minecraft:haste": {
            "amplifier": {
              "min": 1
            }
          }
        }
      }
    },
    "mining_fatigue": {
      "trigger": "minecraft:effects_changed",
      "conditions": {
        "effects": {
          "minecraft:mining_fatigue": {
            "amplifier": {
              "min": 2
            }
          }
        }
      }
    },
    "levitation": {
      "trigger": "minecraft:effects_changed",
      "conditions": {
        "effects": {
          "minecraft:levitation": {}
        }
      }
    },
    "glowing": {
      "trigger": "minecraft:effects_changed",
      "conditions": {
        "effects": {
          "minecraft:glowing": {}
        }
      }
    },
    "absorption": {
      "trigger": "minecraft:effects_changed",
      "conditions": {
        "effects": {
          "minecraft:absorption": {
            "amplifier": {
              "min": 3
            }
          }
        }
      }
    },
    "hunger": {
      "trigger": "minecraft:effects_changed",
      "conditions": {
        "effects": {
          "minecraft:hunger": {
            "amplifier": {
              "min": 2
            }
          }
        }
      }
    },
    "nausea": {
      "trigger": "minecraft:effects_changed",
      "conditions": {
        "effects": {
          "minecraft:nausea": {}
        }
      }
    },
    "resistance": {
      "trigger": "minecraft:effects_changed",
      "conditions": {
        "effects": {
          "minecraft:resistance": {
            "amplifier": {
              "min": 3
            }
          }
        }
      }
    },
    "slow_falling": {
      "trigger": "minecraft:effects_changed",
      "conditions": {
        "effects": {
          "minecraft:slow_falling": {}
        }
      }
    },
    "conduit_power": {
      "trigger": "minecraft:effects_changed",
      "conditions": {
        "effects": {
          "minecraft:conduit_power": {}
        }
      }
    },
    "dolphins_grace": {
      "trigger": "minecraft:effects_changed",
      "conditions": {
        "effects": {
          "minecraft:dolphins_grace": {}
        }
      }
    },
    "blindness": {
      "trigger": "minecraft:effects_changed",
      "conditions": {
        "effects": {
          "minecraft:blindness": {}
        }
      }
    },
    "saturation": {
      "trigger": "minecraft:effects_changed",
      "conditions": {
        "effects": {
          "minecraft:saturation": {}
        }
      }
    },
    "bad_omen": {
      "trigger": "minecraft:effects_changed",
      "conditions": {
        "effects": {
          "minecraft:bad_omen": {
            "amplifier": {
              "min": 4
            }
          }
        }
      }
    },
    "hero_of_the_village": {
      "trigger": "minecraft:effects_changed",
      "conditions": {
        "effects": {
          "minecraft:hero_of_the_village": {
            "amplifier": {
              "min": 4
            }
          }
        }
      }
    },
    "darkness": {
      "trigger": "minecraft:effects_changed",
      "conditions": {
        "effects": {
          "minecraft:darkness": {}
        }
      }
    },
    "wind_charged": {
      "trigger": "minecraft:effects_changed",
      "conditions": {
        "effects": {
          "minecraft:wind_charged": {}
        }
      }
    },
    "weaving": {
      "trigger": "minecraft:effects_changed",
      "conditions": {
        "effects": {
          "minecraft:weaving": {}
        }
      }
    },
    "oozing": {
      "trigger": "minecraft:effects_changed",
      "conditions": {
        "effects": {
          "minecraft:oozing": {}
        }
      }
    },
    "infested": {
      "trigger": "minecraft:effects_changed",
      "conditions": {
        "effects": {
          "minecraft:infested": {}
        }
      }
    },
    "raid_omen": {
      "trigger": "minecraft:effects_changed",
      "conditions": {
        "effects": {
          "minecraft:raid_omen": {
            "amplifier": {
              "min": 0,
              "max": 4
            }
          }
        }
      }
    }
  },
  "rewards": {
    "function": "bacaped_rewards:potion/master_of_effects"
  }
}