{
  "display": {
    "icon": {
      "id": "minecraft:player_head",
      "components": {
        "minecraft:profile": {
          "id": [
            443258090,
            -1760542183,
            -1973257972,
            -697135182
          ],
          "properties": [
            {
              "name": "textures",
              "value": "eyJ0ZXh0dXJlcyI6eyJTS0lOIjp7InVybCI6Imh0dHA6Ly90ZXh0dXJlcy5taW5lY3JhZnQubmV0L3RleHR1cmUvMTAxMjhlOWRiNGI1NDRlMTQ3ZWM2OGY5NGQ4NWY5ZGI4MTA5OTRhZWI5NDNiMDM4ZGQ0OTFlYTJlYTlhNDY5NiJ9fX0="
            }
          ]
        }
      }
    },
    "title": {
      "translate": "Arachnophobia"
    },
    "description": {
      "translate": "Kill every Spider with effects that they can naturally spawn with a single piercing arrow",
      "color": "dark_purple"
    },
    "frame": "challenge",
    "announce_to_chat": true
  },
  "parent": "blazeandcave:monsters/the_ghastly_eyes",
  "criteria": {
    "arachnophobia": {
      "trigger": "minecraft:killed_by_arrow",
      "conditions": {
        "fired_from_weapon": {
          "items": "minecraft:crossbow"
        },
        "victims": [
          {
            "type": "minecraft:spider",
            "effects": {
              "minecraft:invisibility": {}
            }
          },
          {
            "type": "minecraft:spider",
            "effects": {
              "minecraft:regeneration": {}
            }
          },
          {
            "type": "minecraft:spider",
            "effects": {
              "minecraft:strength": {}
            }
          },
          {
            "type": "minecraft:spider",
            "effects": {
              "minecraft:speed": {}
            }
          }
        ]
      }
    }
  },
  "rewards": {
    "function": "bacaped_rewards:monsters/arachnophobia"
  }
}