{
  "display": {
    "icon": {
      "id": "minecraft:player_head",
      "components": {
        "minecraft:profile": {
          "id": [
            254517180,
            339427678,
            -2035351131,
            1927482512
          ],
          "properties": [
            {
              "name": "textures",
              "value": "eyJ0ZXh0dXJlcyI6eyJTS0lOIjp7InVybCI6Imh0dHA6Ly90ZXh0dXJlcy5taW5lY3JhZnQubmV0L3RleHR1cmUvMTFmNzcyZjBlMGE5NGM4NGIyNjgyNmQxNWVjNGNlMzljMDEzZDVmM2ViMGZjOGMxODY4MDA4YzdiNzRjZDAwNSJ9fX0="
            }
          ]
        }
      }
    },
    "title": {
      "translate": "Frozen Heart"
    },
    "description": {
      "translate": "Kill a Stray while in a snow biome during a snowstorm with hunger and slowness effects, taking damage from powdering snow with a slowness arrow",
      "color": "dark_purple"
    },
    "frame": "challenge",
    "announce_to_chat": true
  },
  "parent": "blazeandcave:monsters/freezing",
  "criteria": {
    "kill_stray_with_slowness": {
      "trigger": "minecraft:player_killed_entity",
      "conditions": {
        "player": [
          {
            "condition": "minecraft:any_of",
            "terms": [
              {
                "condition": "minecraft:weather_check",
                "raining": true
              },
              {
                "condition": "minecraft:weather_check",
                "thundering": true
              }
            ]
          },
          {
            "condition": "minecraft:entity_properties",
            "entity": "this",
            "predicate": {
              "nbt": "{TicksFrozen:140}",
              "location": {
                "biomes": [
                  "minecraft:snowy_beach",
                  "minecraft:snowy_plains",
                  "minecraft:snowy_slopes",
                  "minecraft:snowy_taiga",
                  "minecraft:grove",
                  "minecraft:ice_spikes",
                  "minecraft:frozen_peaks",
                  "minecraft:frozen_river",
                  "minecraft:deep_frozen_ocean",
                  "minecraft:frozen_ocean",
                  "minecraft:jagged_peaks"
                ]
              },
              "effects": {
                "minecraft:hunger": {},
                "minecraft:slowness": {}
              }
            }
          }
        ],
        "entity": {
          "type": "minecraft:stray"
        },
        "killing_blow": {
          "direct_entity": {
            "type": "minecraft:arrow",
            "nbt": "{item: {components: {\"minecraft:potion_contents\": {potion: \"minecraft:slowness\"}}}}"
          }
        }
      }
    },
    "kill_stray_with_strong_slowness": {
      "trigger": "minecraft:player_killed_entity",
      "conditions": {
        "player": [
          {
            "condition": "minecraft:any_of",
            "terms": [
              {
                "condition": "minecraft:weather_check",
                "raining": true
              },
              {
                "condition": "minecraft:weather_check",
                "thundering": true
              }
            ]
          },
          {
            "condition": "minecraft:entity_properties",
            "entity": "this",
            "predicate": {
              "nbt": "{TicksFrozen:140}",
              "location": {
                "biomes": [
                  "minecraft:snowy_beach",
                  "minecraft:snowy_plains",
                  "minecraft:snowy_slopes",
                  "minecraft:snowy_taiga",
                  "minecraft:grove",
                  "minecraft:ice_spikes",
                  "minecraft:frozen_peaks",
                  "minecraft:frozen_river",
                  "minecraft:deep_frozen_ocean",
                  "minecraft:frozen_ocean",
                  "minecraft:jagged_peaks"
                ]
              },
              "effects": {
                "minecraft:hunger": {},
                "minecraft:slowness": {}
              }
            }
          }
        ],
        "entity": {
          "type": "minecraft:stray"
        },
        "killing_blow": {
          "direct_entity": {
            "type": "minecraft:arrow",
            "nbt": "{item: {components: {\"minecraft:potion_contents\": {potion: \"minecraft:strong_slowness\"}}}}"
          }
        }
      }
    },
    "kill_stray_with_long_slowness": {
      "trigger": "minecraft:player_killed_entity",
      "conditions": {
        "player": [
          {
            "condition": "minecraft:any_of",
            "terms": [
              {
                "condition": "minecraft:weather_check",
                "raining": true
              },
              {
                "condition": "minecraft:weather_check",
                "thundering": true
              }
            ]
          },
          {
            "condition": "minecraft:entity_properties",
            "entity": "this",
            "predicate": {
              "nbt": "{TicksFrozen:140}",
              "location": {
                "biomes": [
                  "minecraft:snowy_beach",
                  "minecraft:snowy_plains",
                  "minecraft:snowy_slopes",
                  "minecraft:snowy_taiga",
                  "minecraft:grove",
                  "minecraft:ice_spikes",
                  "minecraft:frozen_peaks",
                  "minecraft:frozen_river",
                  "minecraft:deep_frozen_ocean",
                  "minecraft:frozen_ocean",
                  "minecraft:jagged_peaks"
                ]
              },
              "effects": {
                "minecraft:hunger": {},
                "minecraft:slowness": {}
              }
            }
          }
        ],
        "entity": {
          "type": "minecraft:stray"
        },
        "killing_blow": {
          "direct_entity": {
            "type": "minecraft:arrow",
            "nbt": "{item: {components: {\"minecraft:potion_contents\": {potion: \"minecraft:long_slowness\"}}}}"
          }
        }
      }
    }
  },
  "requirements": [
    [
      "kill_stray_with_strong_slowness",
      "kill_stray_with_long_slowness",
      "kill_stray_with_slowness"
    ]
  ],
  "rewards": {
    "function": "bacaped_rewards:monsters/frozen_heart"
  }
}