{
  "display": {
    "icon": {
      "id": "minecraft:phantom_membrane"
    },
    "title": {
      "translate": "Get Out of My Sky"
    },
    "description": {
      "translate": "Get killed by a Phantom while you are 320 blocks up in the sky"
    },
    "frame": "challenge",
    "announce_to_chat": true
  },
  "parent": "bacaped:monsters/phantom_rider",
  "criteria": {
    "trigger": {
      "trigger": "minecraft:entity_killed_player",
      "conditions": {
        "player": {
          "location": {
            "position": {
              "y": {
                "min": 319
              }
            }
          }
        },
        "entity": {
          "type": "minecraft:phantom"
        }
      }
    }
  },
  "rewards": {
    "function": "bacaped_rewards:monsters/get_out_of_my_sky"
  }
}