{
  "display": {
    "icon": {
      "id": "minecraft:composter",
      "components": {
        "minecraft:enchantment_glint_override": true
      }
    },
    "title": {
      "translate": "I Uh... Forgot a Composter"
    },
    "description": {
      "translate": "Be near 20 Ravagers (have them all within 32 blocks of you)",
      "color": "dark_purple"
    },
    "frame": "challenge",
    "announce_to_chat": true,
    "hidden": false
  },
  "parent": "blazeandcave:monsters/house_of_freaks",
  "criteria": {
    "ravager_check": {
      "trigger": "minecraft:impossible"
    }
  },
  "rewards": {
    "function": "bacaped_rewards:monsters/i_uh_forgot_a_composter"
  }
}