{
  "display": {
    "icon": {
      "id": "minecraft:iron_shovel",
      "components": {
        "minecraft:enchantment_glint_override": true
      }
    },
    "title": {
      "translate": "The Undertaker's Revenge"
    },
    "description": {
      "translate": "Kill a Phantom at the bottom of the world with an iron shovel",
      "color": "dark_purple"
    },
    "frame": "challenge",
    "announce_to_chat": true
  },
  "parent": "bacaped:monsters/get_out_of_my_sky",
  "criteria": {
    "kill_iron_shovel": {
      "trigger": "minecraft:player_killed_entity",
      "conditions": {
        "player": {
          "equipment": {
            "mainhand": {
              "items": "minecraft:iron_shovel"
            }
          }
        },
        "entity": {
          "type": "minecraft:phantom",
          "location": {
            "position": {
              "y": {
                "max": -60
              }
            }
          }
        }
      }
    }
  },
  "rewards": {
    "function": "bacaped_rewards:monsters/the_undertakers_revenge"
  }
}