{
  "display": {
    "icon": {
      "id": "minecraft:carved_pumpkin",
      "components": {
        "minecraft:enchantment_glint_override": true
      }
    },
    "title": {
      "translate": "Golems"
    },
    "description": {
      "translate": "Gather all the golems together"
    },
    "frame": "challenge",
    "announce_to_chat": true
  },
  "parent": "blazeandcave:farming/pumpa_kungen",
  "criteria": {
    "trigger": {
      "trigger": "minecraft:impossible"
    }
  },
  "rewards": {
    "function": "bacaped_rewards:farming/golems"
  }
}