{
  "display": {
    "icon": {
      "id": "minecraft:cookie",
      "components": {
        "minecraft:enchantment_glint_override": true
      }
    },
    "title": {
      "translate": "More, More Cookies!"
    },
    "description": {
      "translate": "Craft 10,000 cookies"
    },
    "frame": "challenge",
    "announce_to_chat": true
  },
  "parent": "bacaped:farming/christmas_spirit",
  "criteria": {
    "cookies": {
      "trigger": "minecraft:recipe_crafted",
      "conditions": {
        "player": {
          "type_specific": {
            "type": "minecraft:player",
            "stats": [
              {
                "type": "minecraft:crafted",
                "stat": "minecraft:cookie",
                "value": {
                  "min": 9999
                }
              }
            ]
          }
        },
        "recipe_id": "minecraft:cookie"
      }
    },
    "cookies_buy": {
      "trigger": "minecraft:villager_trade",
      "conditions": {
        "player": {
          "type_specific": {
            "type": "minecraft:player",
            "stats": [
              {
                "type": "minecraft:crafted",
                "stat": "minecraft:cookie",
                "value": {
                  "min": 9999
                }
              }
            ]
          }
        },
        "item": {
          "items": "minecraft:cookie"
        }
      }
    }
  },
  "requirements": [
    [
      "cookies",
      "cookies_buy"
    ]
  ],
  "rewards": {
    "function": "bacaped_rewards:farming/more_more_cookies"
  }
}