{
  "display": {
    "icon": {
      "id": "minecraft:potato",
      "components": {
        "minecraft:enchantment_glint_override": true
      }
    },
    "title": {
      "translate": "Plant Enthusiast"
    },
    "description": {
      "translate": "Plant 800 potatoes",
      "color": "#75E1FF"
    },
    "frame": "goal",
    "announce_to_chat": true,
    "hidden": false
  },
  "parent": "blazeandcave:farming/not_today",
  "criteria": {
    "trigger": {
      "trigger": "minecraft:item_used_on_block",
      "conditions": {
        "player": {
          "type_specific": {
            "type": "player",
            "stats": [
              {
                "type": "minecraft:used",
                "stat": "minecraft:potato",
                "value": {
                  "min": 799
                }
              }
            ]
          }
        },
        "location": [
          {
            "condition": "minecraft:entity_properties",
            "entity": "this",
            "predicate": {}
          }
        ]
      }
    }
  },
  "rewards": {
    "function": "bacaped_rewards:farming/plant_enthusiast"
  }
}