{
  "display": {
    "icon": {
      "id": "minecraft:player_head",
      "components": {
        "minecraft:profile": {
          "id": [
            -1198599738,
            1714047228,
            -2122439139,
            1290731498
          ],
          "properties": [
            {
              "name": "textures",
              "value": "eyJ0ZXh0dXJlcyI6eyJTS0lOIjp7InVybCI6Imh0dHA6Ly90ZXh0dXJlcy5taW5lY3JhZnQubmV0L3RleHR1cmUvODYyNGJhY2I1ZjE5ODZlNjQ3N2FiY2U0YWU3ZGNhMTgyMGE1MjYwYjYyMzNiNTViYTFkOWJhOTM2Yzg0YiJ9fX0="
            }
          ]
        }
      }
    },
    "title": {
      "translate": "Raising Canes"
    },
    "description": {
      "translate": "Plant Sugarcane on every possible block",
      "color": "#75E1FF"
    },
    "frame": "goal",
    "announce_to_chat": true
  },
  "parent": "blazeandcave:farming/sugar_sugar",
  "criteria": {
    "grass_block": {
      "trigger": "minecraft:placed_block",
      "conditions": {
        "location": [
          {
            "condition": "minecraft:block_state_property",
            "block": "minecraft:sugar_cane",
            "properties": {}
          },
          {
            "condition": "minecraft:location_check",
            "offsetY": -1,
            "predicate": {
              "block": {
                "blocks": "minecraft:grass_block"
              }
            }
          }
        ]
      }
    },
    "pale_moss_block": {
      "trigger": "minecraft:placed_block",
      "conditions": {
        "location": [
          {
            "condition": "minecraft:block_state_property",
            "block": "minecraft:sugar_cane",
            "properties": {}
          },
          {
            "condition": "minecraft:location_check",
            "offsetY": -1,
            "predicate": {
              "block": {
                "blocks": "minecraft:pale_moss_block"
              }
            }
          }
        ]
      }
    },
    "dirt": {
      "trigger": "minecraft:placed_block",
      "conditions": {
        "location": [
          {
            "condition": "minecraft:block_state_property",
            "block": "minecraft:sugar_cane",
            "properties": {}
          },
          {
            "condition": "minecraft:location_check",
            "offsetY": -1,
            "predicate": {
              "block": {
                "blocks": "minecraft:dirt"
              }
            }
          }
        ]
      }
    },
    "coarse_dirt": {
      "trigger": "minecraft:placed_block",
      "conditions": {
        "location": [
          {
            "condition": "minecraft:block_state_property",
            "block": "minecraft:sugar_cane",
            "properties": {}
          },
          {
            "condition": "minecraft:location_check",
            "offsetY": -1,
            "predicate": {
              "block": {
                "blocks": "minecraft:coarse_dirt"
              }
            }
          }
        ]
      }
    },
    "rooted_dirt": {
      "trigger": "minecraft:placed_block",
      "conditions": {
        "location": [
          {
            "condition": "minecraft:block_state_property",
            "block": "minecraft:sugar_cane",
            "properties": {}
          },
          {
            "condition": "minecraft:location_check",
            "offsetY": -1,
            "predicate": {
              "block": {
                "blocks": "minecraft:rooted_dirt"
              }
            }
          }
        ]
      }
    },
    "podzol": {
      "trigger": "minecraft:placed_block",
      "conditions": {
        "location": [
          {
            "condition": "minecraft:block_state_property",
            "block": "minecraft:sugar_cane",
            "properties": {}
          },
          {
            "condition": "minecraft:location_check",
            "offsetY": -1,
            "predicate": {
              "block": {
                "blocks": "minecraft:podzol"
              }
            }
          }
        ]
      }
    },
    "mycelium": {
      "trigger": "minecraft:placed_block",
      "conditions": {
        "location": [
          {
            "condition": "minecraft:block_state_property",
            "block": "minecraft:sugar_cane",
            "properties": {}
          },
          {
            "condition": "minecraft:location_check",
            "offsetY": -1,
            "predicate": {
              "block": {
                "blocks": "minecraft:mycelium"
              }
            }
          }
        ]
      }
    },
    "sand": {
      "trigger": "minecraft:placed_block",
      "conditions": {
        "location": [
          {
            "condition": "minecraft:block_state_property",
            "block": "minecraft:sugar_cane",
            "properties": {}
          },
          {
            "condition": "minecraft:location_check",
            "offsetY": -1,
            "predicate": {
              "block": {
                "blocks": "minecraft:sand"
              }
            }
          }
        ]
      }
    },
    "red_sand": {
      "trigger": "minecraft:placed_block",
      "conditions": {
        "location": [
          {
            "condition": "minecraft:block_state_property",
            "block": "minecraft:sugar_cane",
            "properties": {}
          },
          {
            "condition": "minecraft:location_check",
            "offsetY": -1,
            "predicate": {
              "block": {
                "blocks": "minecraft:red_sand"
              }
            }
          }
        ]
      }
    },
    "suspicious_sand": {
      "trigger": "minecraft:placed_block",
      "conditions": {
        "location": [
          {
            "condition": "minecraft:block_state_property",
            "block": "minecraft:sugar_cane",
            "properties": {}
          },
          {
            "condition": "minecraft:location_check",
            "offsetY": -1,
            "predicate": {
              "block": {
                "blocks": "minecraft:suspicious_sand"
              }
            }
          }
        ]
      }
    },
    "moss_block": {
      "trigger": "minecraft:placed_block",
      "conditions": {
        "location": [
          {
            "condition": "minecraft:block_state_property",
            "block": "minecraft:sugar_cane",
            "properties": {}
          },
          {
            "condition": "minecraft:location_check",
            "offsetY": -1,
            "predicate": {
              "block": {
                "blocks": "minecraft:moss_block"
              }
            }
          }
        ]
      }
    },
    "mud": {
      "trigger": "minecraft:placed_block",
      "conditions": {
        "location": [
          {
            "condition": "minecraft:block_state_property",
            "block": "minecraft:sugar_cane",
            "properties": {}
          },
          {
            "condition": "minecraft:location_check",
            "offsetY": -1,
            "predicate": {
              "block": {
                "blocks": "minecraft:mud"
              }
            }
          }
        ]
      }
    }
  },
  "rewards": {
    "function": "bacaped_rewards:farming/raising_canes"
  }
}