{
  "display": {
    "icon": {
      "id": "minecraft:fishing_rod",
      "components": {
        "minecraft:enchantment_glint_override": true
      }
    },
    "title": {
      "translate": "Explosive Fisherman"
    },
    "description": {
      "translate": "Catch TNT on a fishing rod",
      "color": "#75E1FF"
    },
    "frame": "goal",
    "announce_to_chat": true,
    "hidden": false
  },
  "parent": "blazeandcave:weaponry/bombs_away",
  "criteria": {
    "catch_tnt": {
      "trigger": "minecraft:fishing_rod_hooked",
      "conditions": {
        "player": [],
        "entity": [
          {
            "condition": "minecraft:entity_properties",
            "entity": "this",
            "predicate": {
              "type": "minecraft:tnt"
            }
          }
        ]
      }
    }
  },
  "rewards": {
    "function": "bacaped_rewards:weaponry/explosive_fisherman"
  }
}