{
  "display": {
    "icon": {
      "id": "minecraft:spyglass"
    },
    "title": {
      "translate": "Meet the Snipe"
    },
    "description": {
      "translate": "Hold a spyglass and a crossbow"
    },
    "frame": "task",
    "announce_to_chat": true
  },
  "parent": "blazeandcave:weaponry/x_bow",
  "criteria": {
    "crossbow_and_spyglass": {
      "trigger": "minecraft:using_item",
      "conditions": {
        "player": [
          {
            "condition": "minecraft:entity_properties",
            "entity": "this",
            "predicate": {
              "equipment": {
                "mainhand": {
                  "items": "minecraft:spyglass"
                },
                "offhand": {
                  "items": "minecraft:crossbow"
                }
              }
            }
          }
        ]
      }
    }
  },
  "rewards": {
    "function": "bacaped_rewards:weaponry/meet_the_snipe"
  }
}