{
  "criteria": {
    "buried_treasure": {
      "trigger": "minecraft:player_generates_container_loot",
      "conditions": {
        "loot_table": "minecraft:chests/buried_treasure"
      }
    },
    "shipwreck_treasure": {
      "trigger": "minecraft:player_generates_container_loot",
      "conditions": {
        "loot_table": "minecraft:chests/shipwreck_treasure"
      }
    }
  },
  "requirements": [
    [
      "buried_treasure",
      "shipwreck_treasure"
    ]
  ],
  "rewards": {
    "function": "bacaped:treasure_compass/check"
  }
}
