{
  "condition": "minecraft:any_of",
  "terms": [
    {
      "condition": "minecraft:any_of",
      "terms": [
        {
          "condition": "minecraft:entity_properties",
          "entity": "this",
          "predicate": {
            "flags": {
              "is_on_ground": true
            }
          }
        },
        {
          "condition": "minecraft:entity_properties",
          "entity": "this",
          "predicate": {
            "flags": {
              "is_swimming": true
            }
          }
        }
      ]
    }
  ]
}