{
  "condition": "minecraft:any_of",
  "terms": [
    {
      "condition": "minecraft:entity_properties",
      "entity": "this",
      "predicate": {
        "type": "minecraft:rabbit",
        "components": {
          "minecraft:rabbit/variant": "white"
        }
      }
    },
    {
      "condition": "minecraft:entity_properties",
      "entity": "this",
      "predicate": {
        "type": "minecraft:rabbit",
        "components": {
          "minecraft:rabbit/variant": "white_splotched"
        }
      }
    }
  ]
}