{
  "condition": "minecraft:any_of",
  "terms": [
    {
      "condition": "minecraft:entity_properties",
      "entity": "this",
      "predicate": {
        "movement_affected_by": {
          "block": {
            "blocks": [
              "minecraft:cobweb",
              "minecraft:ladder",
              "minecraft:vine",
              "minecraft:twisting_vines",
              "minecraft:weeping_vines",
              "minecraft:scaffolding"
            ]
          }
        }
      }
    },
    {
      "condition": "minecraft:entity_properties",
      "entity": "this",
      "predicate": {
        "stepping_on": {
          "fluid": {
            "fluids": "#minecraft:water"
          }
        }
      }
    },
    {
      "condition": "minecraft:entity_properties",
      "entity": "this",
      "predicate": {
        "flags": {
          "is_flying": true
        }
      }
    },
    {
      "condition": "minecraft:entity_properties",
      "entity": "this",
      "predicate": {
        "flags": {
          "is_on_ground": true
        }
      }
    },
    {
      "condition": "minecraft:entity_properties",
      "entity": "this",
      "predicate": {
        "flags": {
          "is_swimming": true
        }
      }
    },
    {
      "condition": "minecraft:entity_properties",
      "entity": "this",
      "predicate": {
        "stepping_on": {
          "fluid": {
            "fluids": "#minecraft:lava"
          }
        }
      }
    }
  ]
}