{
  "display": {
    "icon": {
      "id": "minecraft:player_head",
      "components": {
        "minecraft:profile": {
          "id": [
            800095138,
            225201504,
            -1786115945,
            401934722
          ],
          "properties": [
            {
              "name": "textures",
              "value": "eyJ0ZXh0dXJlcyI6eyJTS0lOIjp7InVybCI6Imh0dHA6Ly90ZXh0dXJlcy5taW5lY3JhZnQubmV0L3RleHR1cmUvODNhNjg1ODAxMmIyNWUxZTg2YWRiZjhjZjA2YmE1ZDJkOTI0YjRjMjNmY2Q0ZDVlNTEzY2ZhODEyNDI2MjNiOSJ9fX0="
            }
          ]
        }
      }
    },
    "title": {
      "translate": "Emerald Beacon"
    },
    "description": {
      "translate": "Create a full power beacon that consists entirely of emerald blocks",
      "color": "dark_purple"
    },
    "frame": "challenge",
    "announce_to_chat": true
  },
  "parent": "bacaped:nether/diamond_beacon",
  "criteria": {
    "requirement": {
      "trigger": "minecraft:placed_block",
      "conditions": {
        "location": [
          {
            "condition": "minecraft:block_state_property",
            "block": "minecraft:beacon",
            "properties": {}
          },
          {
            "condition": "minecraft:all_of",
            "terms": [
              {
                "condition": "minecraft:location_check",
                "offsetX": 1,
                "offsetY": -1,
                "offsetZ": 1,
                "predicate": {
                  "block": {
                    "blocks": [
                      "minecraft:emerald_block"
                    ]
                  }
                }
              },
              {
                "condition": "minecraft:location_check",
                "offsetX": 1,
                "offsetY": -1,
                "offsetZ": 0,
                "predicate": {
                  "block": {
                    "blocks": [
                      "minecraft:emerald_block"
                    ]
                  }
                }
              },
              {
                "condition": "minecraft:location_check",
                "offsetX": 1,
                "offsetY": -1,
                "offsetZ": -1,
                "predicate": {
                  "block": {
                    "blocks": [
                      "minecraft:emerald_block"
                    ]
                  }
                }
              },
              {
                "condition": "minecraft:location_check",
                "offsetX": 0,
                "offsetY": -1,
                "offsetZ": 1,
                "predicate": {
                  "block": {
                    "blocks": [
                      "minecraft:emerald_block"
                    ]
                  }
                }
              },
              {
                "condition": "minecraft:location_check",
                "offsetX": 0,
                "offsetY": -1,
                "offsetZ": 0,
                "predicate": {
                  "block": {
                    "blocks": [
                      "minecraft:emerald_block"
                    ]
                  }
                }
              },
              {
                "condition": "minecraft:location_check",
                "offsetX": 0,
                "offsetY": -1,
                "offsetZ": -1,
                "predicate": {
                  "block": {
                    "blocks": [
                      "minecraft:emerald_block"
                    ]
                  }
                }
              },
              {
                "condition": "minecraft:location_check",
                "offsetX": -1,
                "offsetY": -1,
                "offsetZ": 1,
                "predicate": {
                  "block": {
                    "blocks": [
                      "minecraft:emerald_block"
                    ]
                  }
                }
              },
              {
                "condition": "minecraft:location_check",
                "offsetX": -1,
                "offsetY": -1,
                "offsetZ": 0,
                "predicate": {
                  "block": {
                    "blocks": [
                      "minecraft:emerald_block"
                    ]
                  }
                }
              },
              {
                "condition": "minecraft:location_check",
                "offsetX": -1,
                "offsetY": -1,
                "offsetZ": -1,
                "predicate": {
                  "block": {
                    "blocks": [
                      "minecraft:emerald_block"
                    ]
                  }
                }
              },
              {
                "condition": "minecraft:location_check",
                "offsetX": 2,
                "offsetY": -2,
                "offsetZ": 2,
                "predicate": {
                  "block": {
                    "blocks": [
                      "minecraft:emerald_block"
                    ]
                  }
                }
              },
              {
                "condition": "minecraft:location_check",
                "offsetX": 2,
                "offsetY": -2,
                "offsetZ": 1,
                "predicate": {
                  "block": {
                    "blocks": [
                      "minecraft:emerald_block"
                    ]
                  }
                }
              },
              {
                "condition": "minecraft:location_check",
                "offsetX": 2,
                "offsetY": -2,
                "offsetZ": 0,
                "predicate": {
                  "block": {
                    "blocks": [
                      "minecraft:emerald_block"
                    ]
                  }
                }
              },
              {
                "condition": "minecraft:location_check",
                "offsetX": 2,
                "offsetY": -2,
                "offsetZ": -1,
                "predicate": {
                  "block": {
                    "blocks": [
                      "minecraft:emerald_block"
                    ]
                  }
                }
              },
              {
                "condition": "minecraft:location_check",
                "offsetX": 2,
                "offsetY": -2,
                "offsetZ": -2,
                "predicate": {
                  "block": {
                    "blocks": [
                      "minecraft:emerald_block"
                    ]
                  }
                }
              },
              {
                "condition": "minecraft:location_check",
                "offsetX": 1,
                "offsetY": -2,
                "offsetZ": 2,
                "predicate": {
                  "block": {
                    "blocks": [
                      "minecraft:emerald_block"
                    ]
                  }
                }
              },
              {
                "condition": "minecraft:location_check",
                "offsetX": 1,
                "offsetY": -2,
                "offsetZ": 1,
                "predicate": {
                  "block": {
                    "blocks": [
                      "minecraft:emerald_block"
                    ]
                  }
                }
              },
              {
                "condition": "minecraft:location_check",
                "offsetX": 1,
                "offsetY": -2,
                "offsetZ": 0,
                "predicate": {
                  "block": {
                    "blocks": [
                      "minecraft:emerald_block"
                    ]
                  }
                }
              },
              {
                "condition": "minecraft:location_check",
                "offsetX": 1,
                "offsetY": -2,
                "offsetZ": -1,
                "predicate": {
                  "block": {
                    "blocks": [
                      "minecraft:emerald_block"
                    ]
                  }
                }
              },
              {
                "condition": "minecraft:location_check",
                "offsetX": 1,
                "offsetY": -2,
                "offsetZ": -2,
                "predicate": {
                  "block": {
                    "blocks": [
                      "minecraft:emerald_block"
                    ]
                  }
                }
              },
              {
                "condition": "minecraft:location_check",
                "offsetX": 0,
                "offsetY": -2,
                "offsetZ": 2,
                "predicate": {
                  "block": {
                    "blocks": [
                      "minecraft:emerald_block"
                    ]
                  }
                }
              },
              {
                "condition": "minecraft:location_check",
                "offsetX": 0,
                "offsetY": -2,
                "offsetZ": 1,
                "predicate": {
                  "block": {
                    "blocks": [
                      "minecraft:emerald_block"
                    ]
                  }
                }
              },
              {
                "condition": "minecraft:location_check",
                "offsetX": 0,
                "offsetY": -2,
                "offsetZ": 0,
                "predicate": {
                  "block": {
                    "blocks": [
                      "minecraft:emerald_block"
                    ]
                  }
                }
              },
              {
                "condition": "minecraft:location_check",
                "offsetX": 0,
                "offsetY": -2,
                "offsetZ": -1,
                "predicate": {
                  "block": {
                    "blocks": [
                      "minecraft:emerald_block"
                    ]
                  }
                }
              },
              {
                "condition": "minecraft:location_check",
                "offsetX": 0,
                "offsetY": -2,
                "offsetZ": -2,
                "predicate": {
                  "block": {
                    "blocks": [
                      "minecraft:emerald_block"
                    ]
                  }
                }
              },
              {
                "condition": "minecraft:location_check",
                "offsetX": -1,
                "offsetY": -2,
                "offsetZ": 2,
                "predicate": {
                  "block": {
                    "blocks": [
                      "minecraft:emerald_block"
                    ]
                  }
                }
              },
              {
                "condition": "minecraft:location_check",
                "offsetX": -1,
                "offsetY": -2,
                "offsetZ": 1,
                "predicate": {
                  "block": {
                    "blocks": [
                      "minecraft:emerald_block"
                    ]
                  }
                }
              },
              {
                "condition": "minecraft:location_check",
                "offsetX": -1,
                "offsetY": -2,
                "offsetZ": 0,
                "predicate": {
                  "block": {
                    "blocks": [
                      "minecraft:emerald_block"
                    ]
                  }
                }
              },
              {
                "condition": "minecraft:location_check",
                "offsetX": -1,
                "offsetY": -2,
                "offsetZ": -1,
                "predicate": {
                  "block": {
                    "blocks": [
                      "minecraft:emerald_block"
                    ]
                  }
                }
              },
              {
                "condition": "minecraft:location_check",
                "offsetX": -1,
                "offsetY": -2,
                "offsetZ": -2,
                "predicate": {
                  "block": {
                    "blocks": [
                      "minecraft:emerald_block"
                    ]
                  }
                }
              },
              {
                "condition": "minecraft:location_check",
                "offsetX": -2,
                "offsetY": -2,
                "offsetZ": 2,
                "predicate": {
                  "block": {
                    "blocks": [
                      "minecraft:emerald_block"
                    ]
                  }
                }
              },
              {
                "condition": "minecraft:location_check",
                "offsetX": -2,
                "offsetY": -2,
                "offsetZ": 1,
                "predicate": {
                  "block": {
                    "blocks": [
                      "minecraft:emerald_block"
                    ]
                  }
                }
              },
              {
                "condition": "minecraft:location_check",
                "offsetX": -2,
                "offsetY": -2,
                "offsetZ": 0,
                "predicate": {
                  "block": {
                    "blocks": [
                      "minecraft:emerald_block"
                    ]
                  }
                }
              },
              {
                "condition": "minecraft:location_check",
                "offsetX": -2,
                "offsetY": -2,
                "offsetZ": -1,
                "predicate": {
                  "block": {
                    "blocks": [
                      "minecraft:emerald_block"
                    ]
                  }
                }
              },
              {
                "condition": "minecraft:location_check",
                "offsetX": -2,
                "offsetY": -2,
                "offsetZ": -2,
                "predicate": {
                  "block": {
                    "blocks": [
                      "minecraft:emerald_block"
                    ]
                  }
                }
              },
              {
                "condition": "minecraft:location_check",
                "offsetX": 3,
                "offsetY": -3,
                "offsetZ": 3,
                "predicate": {
                  "block": {
                    "blocks": [
                      "minecraft:emerald_block"
                    ]
                  }
                }
              },
              {
                "condition": "minecraft:location_check",
                "offsetX": 3,
                "offsetY": -3,
                "offsetZ": 2,
                "predicate": {
                  "block": {
                    "blocks": [
                      "minecraft:emerald_block"
                    ]
                  }
                }
              },
              {
                "condition": "minecraft:location_check",
                "offsetX": 3,
                "offsetY": -3,
                "offsetZ": 1,
                "predicate": {
                  "block": {
                    "blocks": [
                      "minecraft:emerald_block"
                    ]
                  }
                }
              },
              {
                "condition": "minecraft:location_check",
                "offsetX": 3,
                "offsetY": -3,
                "offsetZ": 0,
                "predicate": {
                  "block": {
                    "blocks": [
                      "minecraft:emerald_block"
                    ]
                  }
                }
              },
              {
                "condition": "minecraft:location_check",
                "offsetX": 3,
                "offsetY": -3,
                "offsetZ": -1,
                "predicate": {
                  "block": {
                    "blocks": [
                      "minecraft:emerald_block"
                    ]
                  }
                }
              },
              {
                "condition": "minecraft:location_check",
                "offsetX": 3,
                "offsetY": -3,
                "offsetZ": -2,
                "predicate": {
                  "block": {
                    "blocks": [
                      "minecraft:emerald_block"
                    ]
                  }
                }
              },
              {
                "condition": "minecraft:location_check",
                "offsetX": 3,
                "offsetY": -3,
                "offsetZ": -3,
                "predicate": {
                  "block": {
                    "blocks": [
                      "minecraft:emerald_block"
                    ]
                  }
                }
              },
              {
                "condition": "minecraft:location_check",
                "offsetX": 2,
                "offsetY": -3,
                "offsetZ": 3,
                "predicate": {
                  "block": {
                    "blocks": [
                      "minecraft:emerald_block"
                    ]
                  }
                }
              },
              {
                "condition": "minecraft:location_check",
                "offsetX": 2,
                "offsetY": -3,
                "offsetZ": 2,
                "predicate": {
                  "block": {
                    "blocks": [
                      "minecraft:emerald_block"
                    ]
                  }
                }
              },
              {
                "condition": "minecraft:location_check",
                "offsetX": 2,
                "offsetY": -3,
                "offsetZ": 1,
                "predicate": {
                  "block": {
                    "blocks": [
                      "minecraft:emerald_block"
                    ]
                  }
                }
              },
              {
                "condition": "minecraft:location_check",
                "offsetX": 2,
                "offsetY": -3,
                "offsetZ": 0,
                "predicate": {
                  "block": {
                    "blocks": [
                      "minecraft:emerald_block"
                    ]
                  }
                }
              },
              {
                "condition": "minecraft:location_check",
                "offsetX": 2,
                "offsetY": -3,
                "offsetZ": -1,
                "predicate": {
                  "block": {
                    "blocks": [
                      "minecraft:emerald_block"
                    ]
                  }
                }
              },
              {
                "condition": "minecraft:location_check",
                "offsetX": 2,
                "offsetY": -3,
                "offsetZ": -2,
                "predicate": {
                  "block": {
                    "blocks": [
                      "minecraft:emerald_block"
                    ]
                  }
                }
              },
              {
                "condition": "minecraft:location_check",
                "offsetX": 2,
                "offsetY": -3,
                "offsetZ": -3,
                "predicate": {
                  "block": {
                    "blocks": [
                      "minecraft:emerald_block"
                    ]
                  }
                }
              },
              {
                "condition": "minecraft:location_check",
                "offsetX": 1,
                "offsetY": -3,
                "offsetZ": 3,
                "predicate": {
                  "block": {
                    "blocks": [
                      "minecraft:emerald_block"
                    ]
                  }
                }
              },
              {
                "condition": "minecraft:location_check",
                "offsetX": 1,
                "offsetY": -3,
                "offsetZ": 2,
                "predicate": {
                  "block": {
                    "blocks": [
                      "minecraft:emerald_block"
                    ]
                  }
                }
              },
              {
                "condition": "minecraft:location_check",
                "offsetX": 1,
                "offsetY": -3,
                "offsetZ": 1,
                "predicate": {
                  "block": {
                    "blocks": [
                      "minecraft:emerald_block"
                    ]
                  }
                }
              },
              {
                "condition": "minecraft:location_check",
                "offsetX": 1,
                "offsetY": -3,
                "offsetZ": 0,
                "predicate": {
                  "block": {
                    "blocks": [
                      "minecraft:emerald_block"
                    ]
                  }
                }
              },
              {
                "condition": "minecraft:location_check",
                "offsetX": 1,
                "offsetY": -3,
                "offsetZ": -1,
                "predicate": {
                  "block": {
                    "blocks": [
                      "minecraft:emerald_block"
                    ]
                  }
                }
              },
              {
                "condition": "minecraft:location_check",
                "offsetX": 1,
                "offsetY": -3,
                "offsetZ": -2,
                "predicate": {
                  "block": {
                    "blocks": [
                      "minecraft:emerald_block"
                    ]
                  }
                }
              },
              {
                "condition": "minecraft:location_check",
                "offsetX": 1,
                "offsetY": -3,
                "offsetZ": -3,
                "predicate": {
                  "block": {
                    "blocks": [
                      "minecraft:emerald_block"
                    ]
                  }
                }
              },
              {
                "condition": "minecraft:location_check",
                "offsetX": 0,
                "offsetY": -3,
                "offsetZ": 3,
                "predicate": {
                  "block": {
                    "blocks": [
                      "minecraft:emerald_block"
                    ]
                  }
                }
              },
              {
                "condition": "minecraft:location_check",
                "offsetX": 0,
                "offsetY": -3,
                "offsetZ": 2,
                "predicate": {
                  "block": {
                    "blocks": [
                      "minecraft:emerald_block"
                    ]
                  }
                }
              },
              {
                "condition": "minecraft:location_check",
                "offsetX": 0,
                "offsetY": -3,
                "offsetZ": 1,
                "predicate": {
                  "block": {
                    "blocks": [
                      "minecraft:emerald_block"
                    ]
                  }
                }
              },
              {
                "condition": "minecraft:location_check",
                "offsetX": 0,
                "offsetY": -3,
                "offsetZ": 0,
                "predicate": {
                  "block": {
                    "blocks": [
                      "minecraft:emerald_block"
                    ]
                  }
                }
              },
              {
                "condition": "minecraft:location_check",
                "offsetX": 0,
                "offsetY": -3,
                "offsetZ": -1,
                "predicate": {
                  "block": {
                    "blocks": [
                      "minecraft:emerald_block"
                    ]
                  }
                }
              },
              {
                "condition": "minecraft:location_check",
                "offsetX": 0,
                "offsetY": -3,
                "offsetZ": -2,
                "predicate": {
                  "block": {
                    "blocks": [
                      "minecraft:emerald_block"
                    ]
                  }
                }
              },
              {
                "condition": "minecraft:location_check",
                "offsetX": 0,
                "offsetY": -3,
                "offsetZ": -3,
                "predicate": {
                  "block": {
                    "blocks": [
                      "minecraft:emerald_block"
                    ]
                  }
                }
              },
              {
                "condition": "minecraft:location_check",
                "offsetX": -1,
                "offsetY": -3,
                "offsetZ": 3,
                "predicate": {
                  "block": {
                    "blocks": [
                      "minecraft:emerald_block"
                    ]
                  }
                }
              },
              {
                "condition": "minecraft:location_check",
                "offsetX": -1,
                "offsetY": -3,
                "offsetZ": 2,
                "predicate": {
                  "block": {
                    "blocks": [
                      "minecraft:emerald_block"
                    ]
                  }
                }
              },
              {
                "condition": "minecraft:location_check",
                "offsetX": -1,
                "offsetY": -3,
                "offsetZ": 1,
                "predicate": {
                  "block": {
                    "blocks": [
                      "minecraft:emerald_block"
                    ]
                  }
                }
              },
              {
                "condition": "minecraft:location_check",
                "offsetX": -1,
                "offsetY": -3,
                "offsetZ": 0,
                "predicate": {
                  "block": {
                    "blocks": [
                      "minecraft:emerald_block"
                    ]
                  }
                }
              },
              {
                "condition": "minecraft:location_check",
                "offsetX": -1,
                "offsetY": -3,
                "offsetZ": -1,
                "predicate": {
                  "block": {
                    "blocks": [
                      "minecraft:emerald_block"
                    ]
                  }
                }
              },
              {
                "condition": "minecraft:location_check",
                "offsetX": -1,
                "offsetY": -3,
                "offsetZ": -2,
                "predicate": {
                  "block": {
                    "blocks": [
                      "minecraft:emerald_block"
                    ]
                  }
                }
              },
              {
                "condition": "minecraft:location_check",
                "offsetX": -1,
                "offsetY": -3,
                "offsetZ": -3,
                "predicate": {
                  "block": {
                    "blocks": [
                      "minecraft:emerald_block"
                    ]
                  }
                }
              },
              {
                "condition": "minecraft:location_check",
                "offsetX": -2,
                "offsetY": -3,
                "offsetZ": 3,
                "predicate": {
                  "block": {
                    "blocks": [
                      "minecraft:emerald_block"
                    ]
                  }
                }
              },
              {
                "condition": "minecraft:location_check",
                "offsetX": -2,
                "offsetY": -3,
                "offsetZ": 2,
                "predicate": {
                  "block": {
                    "blocks": [
                      "minecraft:emerald_block"
                    ]
                  }
                }
              },
              {
                "condition": "minecraft:location_check",
                "offsetX": -2,
                "offsetY": -3,
                "offsetZ": 1,
                "predicate": {
                  "block": {
                    "blocks": [
                      "minecraft:emerald_block"
                    ]
                  }
                }
              },
              {
                "condition": "minecraft:location_check",
                "offsetX": -2,
                "offsetY": -3,
                "offsetZ": 0,
                "predicate": {
                  "block": {
                    "blocks": [
                      "minecraft:emerald_block"
                    ]
                  }
                }
              },
              {
                "condition": "minecraft:location_check",
                "offsetX": -2,
                "offsetY": -3,
                "offsetZ": -1,
                "predicate": {
                  "block": {
                    "blocks": [
                      "minecraft:emerald_block"
                    ]
                  }
                }
              },
              {
                "condition": "minecraft:location_check",
                "offsetX": -2,
                "offsetY": -3,
                "offsetZ": -2,
                "predicate": {
                  "block": {
                    "blocks": [
                      "minecraft:emerald_block"
                    ]
                  }
                }
              },
              {
                "condition": "minecraft:location_check",
                "offsetX": -2,
                "offsetY": -3,
                "offsetZ": -3,
                "predicate": {
                  "block": {
                    "blocks": [
                      "minecraft:emerald_block"
                    ]
                  }
                }
              },
              {
                "condition": "minecraft:location_check",
                "offsetX": -3,
                "offsetY": -3,
                "offsetZ": 3,
                "predicate": {
                  "block": {
                    "blocks": [
                      "minecraft:emerald_block"
                    ]
                  }
                }
              },
              {
                "condition": "minecraft:location_check",
                "offsetX": -3,
                "offsetY": -3,
                "offsetZ": 2,
                "predicate": {
                  "block": {
                    "blocks": [
                      "minecraft:emerald_block"
                    ]
                  }
                }
              },
              {
                "condition": "minecraft:location_check",
                "offsetX": -3,
                "offsetY": -3,
                "offsetZ": 1,
                "predicate": {
                  "block": {
                    "blocks": [
                      "minecraft:emerald_block"
                    ]
                  }
                }
              },
              {
                "condition": "minecraft:location_check",
                "offsetX": -3,
                "offsetY": -3,
                "offsetZ": 0,
                "predicate": {
                  "block": {
                    "blocks": [
                      "minecraft:emerald_block"
                    ]
                  }
                }
              },
              {
                "condition": "minecraft:location_check",
                "offsetX": -3,
                "offsetY": -3,
                "offsetZ": -1,
                "predicate": {
                  "block": {
                    "blocks": [
                      "minecraft:emerald_block"
                    ]
                  }
                }
              },
              {
                "condition": "minecraft:location_check",
                "offsetX": -3,
                "offsetY": -3,
                "offsetZ": -2,
                "predicate": {
                  "block": {
                    "blocks": [
                      "minecraft:emerald_block"
                    ]
                  }
                }
              },
              {
                "condition": "minecraft:location_check",
                "offsetX": -3,
                "offsetY": -3,
                "offsetZ": -3,
                "predicate": {
                  "block": {
                    "blocks": [
                      "minecraft:emerald_block"
                    ]
                  }
                }
              },
              {
                "condition": "minecraft:location_check",
                "offsetX": 4,
                "offsetY": -4,
                "offsetZ": 4,
                "predicate": {
                  "block": {
                    "blocks": [
                      "minecraft:emerald_block"
                    ]
                  }
                }
              },
              {
                "condition": "minecraft:location_check",
                "offsetX": 4,
                "offsetY": -4,
                "offsetZ": 3,
                "predicate": {
                  "block": {
                    "blocks": [
                      "minecraft:emerald_block"
                    ]
                  }
                }
              },
              {
                "condition": "minecraft:location_check",
                "offsetX": 4,
                "offsetY": -4,
                "offsetZ": 2,
                "predicate": {
                  "block": {
                    "blocks": [
                      "minecraft:emerald_block"
                    ]
                  }
                }
              },
              {
                "condition": "minecraft:location_check",
                "offsetX": 4,
                "offsetY": -4,
                "offsetZ": 1,
                "predicate": {
                  "block": {
                    "blocks": [
                      "minecraft:emerald_block"
                    ]
                  }
                }
              },
              {
                "condition": "minecraft:location_check",
                "offsetX": 4,
                "offsetY": -4,
                "offsetZ": 0,
                "predicate": {
                  "block": {
                    "blocks": [
                      "minecraft:emerald_block"
                    ]
                  }
                }
              },
              {
                "condition": "minecraft:location_check",
                "offsetX": 4,
                "offsetY": -4,
                "offsetZ": -1,
                "predicate": {
                  "block": {
                    "blocks": [
                      "minecraft:emerald_block"
                    ]
                  }
                }
              },
              {
                "condition": "minecraft:location_check",
                "offsetX": 4,
                "offsetY": -4,
                "offsetZ": -2,
                "predicate": {
                  "block": {
                    "blocks": [
                      "minecraft:emerald_block"
                    ]
                  }
                }
              },
              {
                "condition": "minecraft:location_check",
                "offsetX": 4,
                "offsetY": -4,
                "offsetZ": -3,
                "predicate": {
                  "block": {
                    "blocks": [
                      "minecraft:emerald_block"
                    ]
                  }
                }
              },
              {
                "condition": "minecraft:location_check",
                "offsetX": 4,
                "offsetY": -4,
                "offsetZ": -4,
                "predicate": {
                  "block": {
                    "blocks": [
                      "minecraft:emerald_block"
                    ]
                  }
                }
              },
              {
                "condition": "minecraft:location_check",
                "offsetX": 3,
                "offsetY": -4,
                "offsetZ": 4,
                "predicate": {
                  "block": {
                    "blocks": [
                      "minecraft:emerald_block"
                    ]
                  }
                }
              },
              {
                "condition": "minecraft:location_check",
                "offsetX": 3,
                "offsetY": -4,
                "offsetZ": 3,
                "predicate": {
                  "block": {
                    "blocks": [
                      "minecraft:emerald_block"
                    ]
                  }
                }
              },
              {
                "condition": "minecraft:location_check",
                "offsetX": 3,
                "offsetY": -4,
                "offsetZ": 2,
                "predicate": {
                  "block": {
                    "blocks": [
                      "minecraft:emerald_block"
                    ]
                  }
                }
              },
              {
                "condition": "minecraft:location_check",
                "offsetX": 3,
                "offsetY": -4,
                "offsetZ": 1,
                "predicate": {
                  "block": {
                    "blocks": [
                      "minecraft:emerald_block"
                    ]
                  }
                }
              },
              {
                "condition": "minecraft:location_check",
                "offsetX": 3,
                "offsetY": -4,
                "offsetZ": 0,
                "predicate": {
                  "block": {
                    "blocks": [
                      "minecraft:emerald_block"
                    ]
                  }
                }
              },
              {
                "condition": "minecraft:location_check",
                "offsetX": 3,
                "offsetY": -4,
                "offsetZ": -1,
                "predicate": {
                  "block": {
                    "blocks": [
                      "minecraft:emerald_block"
                    ]
                  }
                }
              },
              {
                "condition": "minecraft:location_check",
                "offsetX": 3,
                "offsetY": -4,
                "offsetZ": -2,
                "predicate": {
                  "block": {
                    "blocks": [
                      "minecraft:emerald_block"
                    ]
                  }
                }
              },
              {
                "condition": "minecraft:location_check",
                "offsetX": 3,
                "offsetY": -4,
                "offsetZ": -3,
                "predicate": {
                  "block": {
                    "blocks": [
                      "minecraft:emerald_block"
                    ]
                  }
                }
              },
              {
                "condition": "minecraft:location_check",
                "offsetX": 3,
                "offsetY": -4,
                "offsetZ": -4,
                "predicate": {
                  "block": {
                    "blocks": [
                      "minecraft:emerald_block"
                    ]
                  }
                }
              },
              {
                "condition": "minecraft:location_check",
                "offsetX": 2,
                "offsetY": -4,
                "offsetZ": 4,
                "predicate": {
                  "block": {
                    "blocks": [
                      "minecraft:emerald_block"
                    ]
                  }
                }
              },
              {
                "condition": "minecraft:location_check",
                "offsetX": 2,
                "offsetY": -4,
                "offsetZ": 3,
                "predicate": {
                  "block": {
                    "blocks": [
                      "minecraft:emerald_block"
                    ]
                  }
                }
              },
              {
                "condition": "minecraft:location_check",
                "offsetX": 2,
                "offsetY": -4,
                "offsetZ": 2,
                "predicate": {
                  "block": {
                    "blocks": [
                      "minecraft:emerald_block"
                    ]
                  }
                }
              },
              {
                "condition": "minecraft:location_check",
                "offsetX": 2,
                "offsetY": -4,
                "offsetZ": 1,
                "predicate": {
                  "block": {
                    "blocks": [
                      "minecraft:emerald_block"
                    ]
                  }
                }
              },
              {
                "condition": "minecraft:location_check",
                "offsetX": 2,
                "offsetY": -4,
                "offsetZ": 0,
                "predicate": {
                  "block": {
                    "blocks": [
                      "minecraft:emerald_block"
                    ]
                  }
                }
              },
              {
                "condition": "minecraft:location_check",
                "offsetX": 2,
                "offsetY": -4,
                "offsetZ": -1,
                "predicate": {
                  "block": {
                    "blocks": [
                      "minecraft:emerald_block"
                    ]
                  }
                }
              },
              {
                "condition": "minecraft:location_check",
                "offsetX": 2,
                "offsetY": -4,
                "offsetZ": -2,
                "predicate": {
                  "block": {
                    "blocks": [
                      "minecraft:emerald_block"
                    ]
                  }
                }
              },
              {
                "condition": "minecraft:location_check",
                "offsetX": 2,
                "offsetY": -4,
                "offsetZ": -3,
                "predicate": {
                  "block": {
                    "blocks": [
                      "minecraft:emerald_block"
                    ]
                  }
                }
              },
              {
                "condition": "minecraft:location_check",
                "offsetX": 2,
                "offsetY": -4,
                "offsetZ": -4,
                "predicate": {
                  "block": {
                    "blocks": [
                      "minecraft:emerald_block"
                    ]
                  }
                }
              },
              {
                "condition": "minecraft:location_check",
                "offsetX": 1,
                "offsetY": -4,
                "offsetZ": 4,
                "predicate": {
                  "block": {
                    "blocks": [
                      "minecraft:emerald_block"
                    ]
                  }
                }
              },
              {
                "condition": "minecraft:location_check",
                "offsetX": 1,
                "offsetY": -4,
                "offsetZ": 3,
                "predicate": {
                  "block": {
                    "blocks": [
                      "minecraft:emerald_block"
                    ]
                  }
                }
              },
              {
                "condition": "minecraft:location_check",
                "offsetX": 1,
                "offsetY": -4,
                "offsetZ": 2,
                "predicate": {
                  "block": {
                    "blocks": [
                      "minecraft:emerald_block"
                    ]
                  }
                }
              },
              {
                "condition": "minecraft:location_check",
                "offsetX": 1,
                "offsetY": -4,
                "offsetZ": 1,
                "predicate": {
                  "block": {
                    "blocks": [
                      "minecraft:emerald_block"
                    ]
                  }
                }
              },
              {
                "condition": "minecraft:location_check",
                "offsetX": 1,
                "offsetY": -4,
                "offsetZ": 0,
                "predicate": {
                  "block": {
                    "blocks": [
                      "minecraft:emerald_block"
                    ]
                  }
                }
              },
              {
                "condition": "minecraft:location_check",
                "offsetX": 1,
                "offsetY": -4,
                "offsetZ": -1,
                "predicate": {
                  "block": {
                    "blocks": [
                      "minecraft:emerald_block"
                    ]
                  }
                }
              },
              {
                "condition": "minecraft:location_check",
                "offsetX": 1,
                "offsetY": -4,
                "offsetZ": -2,
                "predicate": {
                  "block": {
                    "blocks": [
                      "minecraft:emerald_block"
                    ]
                  }
                }
              },
              {
                "condition": "minecraft:location_check",
                "offsetX": 1,
                "offsetY": -4,
                "offsetZ": -3,
                "predicate": {
                  "block": {
                    "blocks": [
                      "minecraft:emerald_block"
                    ]
                  }
                }
              },
              {
                "condition": "minecraft:location_check",
                "offsetX": 1,
                "offsetY": -4,
                "offsetZ": -4,
                "predicate": {
                  "block": {
                    "blocks": [
                      "minecraft:emerald_block"
                    ]
                  }
                }
              },
              {
                "condition": "minecraft:location_check",
                "offsetX": 0,
                "offsetY": -4,
                "offsetZ": 4,
                "predicate": {
                  "block": {
                    "blocks": [
                      "minecraft:emerald_block"
                    ]
                  }
                }
              },
              {
                "condition": "minecraft:location_check",
                "offsetX": 0,
                "offsetY": -4,
                "offsetZ": 3,
                "predicate": {
                  "block": {
                    "blocks": [
                      "minecraft:emerald_block"
                    ]
                  }
                }
              },
              {
                "condition": "minecraft:location_check",
                "offsetX": 0,
                "offsetY": -4,
                "offsetZ": 2,
                "predicate": {
                  "block": {
                    "blocks": [
                      "minecraft:emerald_block"
                    ]
                  }
                }
              },
              {
                "condition": "minecraft:location_check",
                "offsetX": 0,
                "offsetY": -4,
                "offsetZ": 1,
                "predicate": {
                  "block": {
                    "blocks": [
                      "minecraft:emerald_block"
                    ]
                  }
                }
              },
              {
                "condition": "minecraft:location_check",
                "offsetX": 0,
                "offsetY": -4,
                "offsetZ": 0,
                "predicate": {
                  "block": {
                    "blocks": [
                      "minecraft:emerald_block"
                    ]
                  }
                }
              },
              {
                "condition": "minecraft:location_check",
                "offsetX": 0,
                "offsetY": -4,
                "offsetZ": -1,
                "predicate": {
                  "block": {
                    "blocks": [
                      "minecraft:emerald_block"
                    ]
                  }
                }
              },
              {
                "condition": "minecraft:location_check",
                "offsetX": 0,
                "offsetY": -4,
                "offsetZ": -2,
                "predicate": {
                  "block": {
                    "blocks": [
                      "minecraft:emerald_block"
                    ]
                  }
                }
              },
              {
                "condition": "minecraft:location_check",
                "offsetX": 0,
                "offsetY": -4,
                "offsetZ": -3,
                "predicate": {
                  "block": {
                    "blocks": [
                      "minecraft:emerald_block"
                    ]
                  }
                }
              },
              {
                "condition": "minecraft:location_check",
                "offsetX": 0,
                "offsetY": -4,
                "offsetZ": -4,
                "predicate": {
                  "block": {
                    "blocks": [
                      "minecraft:emerald_block"
                    ]
                  }
                }
              },
              {
                "condition": "minecraft:location_check",
                "offsetX": -1,
                "offsetY": -4,
                "offsetZ": 4,
                "predicate": {
                  "block": {
                    "blocks": [
                      "minecraft:emerald_block"
                    ]
                  }
                }
              },
              {
                "condition": "minecraft:location_check",
                "offsetX": -1,
                "offsetY": -4,
                "offsetZ": 3,
                "predicate": {
                  "block": {
                    "blocks": [
                      "minecraft:emerald_block"
                    ]
                  }
                }
              },
              {
                "condition": "minecraft:location_check",
                "offsetX": -1,
                "offsetY": -4,
                "offsetZ": 2,
                "predicate": {
                  "block": {
                    "blocks": [
                      "minecraft:emerald_block"
                    ]
                  }
                }
              },
              {
                "condition": "minecraft:location_check",
                "offsetX": -1,
                "offsetY": -4,
                "offsetZ": 1,
                "predicate": {
                  "block": {
                    "blocks": [
                      "minecraft:emerald_block"
                    ]
                  }
                }
              },
              {
                "condition": "minecraft:location_check",
                "offsetX": -1,
                "offsetY": -4,
                "offsetZ": 0,
                "predicate": {
                  "block": {
                    "blocks": [
                      "minecraft:emerald_block"
                    ]
                  }
                }
              },
              {
                "condition": "minecraft:location_check",
                "offsetX": -1,
                "offsetY": -4,
                "offsetZ": -1,
                "predicate": {
                  "block": {
                    "blocks": [
                      "minecraft:emerald_block"
                    ]
                  }
                }
              },
              {
                "condition": "minecraft:location_check",
                "offsetX": -1,
                "offsetY": -4,
                "offsetZ": -2,
                "predicate": {
                  "block": {
                    "blocks": [
                      "minecraft:emerald_block"
                    ]
                  }
                }
              },
              {
                "condition": "minecraft:location_check",
                "offsetX": -1,
                "offsetY": -4,
                "offsetZ": -3,
                "predicate": {
                  "block": {
                    "blocks": [
                      "minecraft:emerald_block"
                    ]
                  }
                }
              },
              {
                "condition": "minecraft:location_check",
                "offsetX": -1,
                "offsetY": -4,
                "offsetZ": -4,
                "predicate": {
                  "block": {
                    "blocks": [
                      "minecraft:emerald_block"
                    ]
                  }
                }
              },
              {
                "condition": "minecraft:location_check",
                "offsetX": -2,
                "offsetY": -4,
                "offsetZ": 4,
                "predicate": {
                  "block": {
                    "blocks": [
                      "minecraft:emerald_block"
                    ]
                  }
                }
              },
              {
                "condition": "minecraft:location_check",
                "offsetX": -2,
                "offsetY": -4,
                "offsetZ": 3,
                "predicate": {
                  "block": {
                    "blocks": [
                      "minecraft:emerald_block"
                    ]
                  }
                }
              },
              {
                "condition": "minecraft:location_check",
                "offsetX": -2,
                "offsetY": -4,
                "offsetZ": 2,
                "predicate": {
                  "block": {
                    "blocks": [
                      "minecraft:emerald_block"
                    ]
                  }
                }
              },
              {
                "condition": "minecraft:location_check",
                "offsetX": -2,
                "offsetY": -4,
                "offsetZ": 1,
                "predicate": {
                  "block": {
                    "blocks": [
                      "minecraft:emerald_block"
                    ]
                  }
                }
              },
              {
                "condition": "minecraft:location_check",
                "offsetX": -2,
                "offsetY": -4,
                "offsetZ": 0,
                "predicate": {
                  "block": {
                    "blocks": [
                      "minecraft:emerald_block"
                    ]
                  }
                }
              },
              {
                "condition": "minecraft:location_check",
                "offsetX": -2,
                "offsetY": -4,
                "offsetZ": -1,
                "predicate": {
                  "block": {
                    "blocks": [
                      "minecraft:emerald_block"
                    ]
                  }
                }
              },
              {
                "condition": "minecraft:location_check",
                "offsetX": -2,
                "offsetY": -4,
                "offsetZ": -2,
                "predicate": {
                  "block": {
                    "blocks": [
                      "minecraft:emerald_block"
                    ]
                  }
                }
              },
              {
                "condition": "minecraft:location_check",
                "offsetX": -2,
                "offsetY": -4,
                "offsetZ": -3,
                "predicate": {
                  "block": {
                    "blocks": [
                      "minecraft:emerald_block"
                    ]
                  }
                }
              },
              {
                "condition": "minecraft:location_check",
                "offsetX": -2,
                "offsetY": -4,
                "offsetZ": -4,
                "predicate": {
                  "block": {
                    "blocks": [
                      "minecraft:emerald_block"
                    ]
                  }
                }
              },
              {
                "condition": "minecraft:location_check",
                "offsetX": -3,
                "offsetY": -4,
                "offsetZ": 4,
                "predicate": {
                  "block": {
                    "blocks": [
                      "minecraft:emerald_block"
                    ]
                  }
                }
              },
              {
                "condition": "minecraft:location_check",
                "offsetX": -3,
                "offsetY": -4,
                "offsetZ": 3,
                "predicate": {
                  "block": {
                    "blocks": [
                      "minecraft:emerald_block"
                    ]
                  }
                }
              },
              {
                "condition": "minecraft:location_check",
                "offsetX": -3,
                "offsetY": -4,
                "offsetZ": 2,
                "predicate": {
                  "block": {
                    "blocks": [
                      "minecraft:emerald_block"
                    ]
                  }
                }
              },
              {
                "condition": "minecraft:location_check",
                "offsetX": -3,
                "offsetY": -4,
                "offsetZ": 1,
                "predicate": {
                  "block": {
                    "blocks": [
                      "minecraft:emerald_block"
                    ]
                  }
                }
              },
              {
                "condition": "minecraft:location_check",
                "offsetX": -3,
                "offsetY": -4,
                "offsetZ": 0,
                "predicate": {
                  "block": {
                    "blocks": [
                      "minecraft:emerald_block"
                    ]
                  }
                }
              },
              {
                "condition": "minecraft:location_check",
                "offsetX": -3,
                "offsetY": -4,
                "offsetZ": -1,
                "predicate": {
                  "block": {
                    "blocks": [
                      "minecraft:emerald_block"
                    ]
                  }
                }
              },
              {
                "condition": "minecraft:location_check",
                "offsetX": -3,
                "offsetY": -4,
                "offsetZ": -2,
                "predicate": {
                  "block": {
                    "blocks": [
                      "minecraft:emerald_block"
                    ]
                  }
                }
              },
              {
                "condition": "minecraft:location_check",
                "offsetX": -3,
                "offsetY": -4,
                "offsetZ": -3,
                "predicate": {
                  "block": {
                    "blocks": [
                      "minecraft:emerald_block"
                    ]
                  }
                }
              },
              {
                "condition": "minecraft:location_check",
                "offsetX": -3,
                "offsetY": -4,
                "offsetZ": -4,
                "predicate": {
                  "block": {
                    "blocks": [
                      "minecraft:emerald_block"
                    ]
                  }
                }
              },
              {
                "condition": "minecraft:location_check",
                "offsetX": -4,
                "offsetY": -4,
                "offsetZ": 4,
                "predicate": {
                  "block": {
                    "blocks": [
                      "minecraft:emerald_block"
                    ]
                  }
                }
              },
              {
                "condition": "minecraft:location_check",
                "offsetX": -4,
                "offsetY": -4,
                "offsetZ": 3,
                "predicate": {
                  "block": {
                    "blocks": [
                      "minecraft:emerald_block"
                    ]
                  }
                }
              },
              {
                "condition": "minecraft:location_check",
                "offsetX": -4,
                "offsetY": -4,
                "offsetZ": 2,
                "predicate": {
                  "block": {
                    "blocks": [
                      "minecraft:emerald_block"
                    ]
                  }
                }
              },
              {
                "condition": "minecraft:location_check",
                "offsetX": -4,
                "offsetY": -4,
                "offsetZ": 1,
                "predicate": {
                  "block": {
                    "blocks": [
                      "minecraft:emerald_block"
                    ]
                  }
                }
              },
              {
                "condition": "minecraft:location_check",
                "offsetX": -4,
                "offsetY": -4,
                "offsetZ": 0,
                "predicate": {
                  "block": {
                    "blocks": [
                      "minecraft:emerald_block"
                    ]
                  }
                }
              },
              {
                "condition": "minecraft:location_check",
                "offsetX": -4,
                "offsetY": -4,
                "offsetZ": -1,
                "predicate": {
                  "block": {
                    "blocks": [
                      "minecraft:emerald_block"
                    ]
                  }
                }
              },
              {
                "condition": "minecraft:location_check",
                "offsetX": -4,
                "offsetY": -4,
                "offsetZ": -2,
                "predicate": {
                  "block": {
                    "blocks": [
                      "minecraft:emerald_block"
                    ]
                  }
                }
              },
              {
                "condition": "minecraft:location_check",
                "offsetX": -4,
                "offsetY": -4,
                "offsetZ": -3,
                "predicate": {
                  "block": {
                    "blocks": [
                      "minecraft:emerald_block"
                    ]
                  }
                }
              },
              {
                "condition": "minecraft:location_check",
                "offsetX": -4,
                "offsetY": -4,
                "offsetZ": -4,
                "predicate": {
                  "block": {
                    "blocks": [
                      "minecraft:emerald_block"
                    ]
                  }
                }
              }
            ]
          }
        ]
      }
    }
  },
  "rewards": {
    "function": "bacaped_rewards:nether/emerald_beacon"
  }
}