{
  "display": {
    "icon": {
      "id": "minecraft:fire_charge",
      "components": {
        "minecraft:enchantment_glint_override": true
      }
    },
    "title": {
      "translate": "High Pitch"
    },
    "description": {
      "translate": "Kill 7 Ghasts in a row with their Fireballs, while not missing the blows from them",
      "color": "dark_purple"
    },
    "frame": "challenge",
    "announce_to_chat": true
  },
  "parent": "bacaped:nether/blaze3d",
  "criteria": {
    "one_ghast": {
      "trigger": "minecraft:impossible"
    },
    "two_ghasts": {
      "trigger": "minecraft:impossible"
    },
    "three_ghasts": {
      "trigger": "minecraft:impossible"
    },
    "four_ghasts": {
      "trigger": "minecraft:impossible"
    },
    "five_ghasts": {
      "trigger": "minecraft:impossible"
    },
    "six_ghasts": {
      "trigger": "minecraft:impossible"
    },
    "seven_ghasts": {
      "trigger": "minecraft:impossible"
    }
  },
  "rewards": {
    "function": "bacaped_rewards:nether/high_pitch"
  }
}