{
  "display": {
    "icon": {
      "id": "minecraft:potion",
      "components": {
        "minecraft:potion_contents": {
          "potion": "minecraft:fire_resistance"
        }
      }
    },
    "title": {
      "translate": "Hot Combat"
    },
    "description": {
      "translate": "Die from a Blaze while having fire resistance effect",
      "color": "#75E1FF"
    },
    "frame": "goal",
    "announce_to_chat": true
  },
  "parent": "blazeandcave:nether/blaze_extinguisher",
  "criteria": {
    "die_from_blaze": {
      "trigger": "minecraft:entity_killed_player",
      "conditions": {
        "player": {
          "effects": {
            "minecraft:fire_resistance": {}
          }
        },
        "entity": {
          "type": "minecraft:blaze"
        }
      }
    }
  },
  "rewards": {
    "function": "bacaped_rewards:nether/hot_combat"
  }
}