{
  "display": {
    "icon": {
      "id": "minecraft:leather_boots",
      "components": {
        "minecraft:enchantment_glint_override": true
      }
    },
    "title": {
      "translate": "Never Careful Enough"
    },
    "description": {
      "translate": "Ensure you won't take damage from that magma block",
      "color": "#75E1FF"
    },
    "frame": "goal",
    "announce_to_chat": true
  },
  "parent": "blazeandcave:nether/stepping_on_legos",
  "criteria": {
    "trigger": {
      "trigger": "minecraft:location",
      "conditions": {
        "player": {
          "stepping_on": {
            "block": {
              "blocks": [
                "minecraft:magma_block"
              ]
            }
          },
          "equipment": {
            "feet": {
              "components": {},
              "predicates": {
                "minecraft:enchantments": [
                  {
                    "enchantments": "minecraft:frost_walker",
                    "levels": {
                      "min": 1,
                      "max": 2
                    }
                  }
                ]
              }
            }
          },
          "effects": {
            "minecraft:fire_resistance": {}
          }
        }
      }
    }
  },
  "rewards": {
    "function": "bacaped_rewards:nether/never_careful_enough"
  }
}