{
  "display": {
    "icon": {
      "id": "minecraft:player_head",
      "components": {
        "minecraft:profile": {
          "id": [
            612320160,
            -1622851068,
            -1104290404,
            -812958350
          ],
          "properties": [
            {
              "name": "textures",
              "value": "eyJ0ZXh0dXJlcyI6eyJTS0lOIjp7InVybCI6Imh0dHA6Ly90ZXh0dXJlcy5taW5lY3JhZnQubmV0L3RleHR1cmUvMmY5NTVmYTAxNjkyZjNkOWU4MGFkZWE2OTEzZTBlMzI3Nzk1ZTI4Y2NmYjhiMGE0NmEwYWY1MTk3ZDQ1MGYxMiJ9fX0="
            }
          ]
        }
      }
    },
    "title": {
      "translate": "Show the Wither His Home"
    },
    "description": {
      "translate": "Kill the Wither in all the Nether biomes"
    },
    "frame": "challenge",
    "announce_to_chat": true
  },
  "parent": "bacaped:nether/withering_depths",
  "criteria": {
    "basalt_deltas": {
      "trigger": "minecraft:player_killed_entity",
      "conditions": {
        "entity": {
          "type": "minecraft:wither",
          "location": {
            "biomes": "minecraft:basalt_deltas"
          }
        }
      }
    },
    "crimson_forest": {
      "trigger": "minecraft:player_killed_entity",
      "conditions": {
        "entity": {
          "type": "minecraft:wither",
          "location": {
            "biomes": "minecraft:crimson_forest"
          }
        }
      }
    },
    "nether_wastes": {
      "trigger": "minecraft:player_killed_entity",
      "conditions": {
        "entity": {
          "type": "minecraft:wither",
          "location": {
            "biomes": "minecraft:nether_wastes"
          }
        }
      }
    },
    "soul_sand_valley": {
      "trigger": "minecraft:player_killed_entity",
      "conditions": {
        "entity": {
          "type": "minecraft:wither",
          "location": {
            "biomes": "minecraft:soul_sand_valley"
          }
        }
      }
    },
    "warped_forest": {
      "trigger": "minecraft:player_killed_entity",
      "conditions": {
        "entity": {
          "type": "minecraft:wither",
          "location": {
            "biomes": "minecraft:warped_forest"
          }
        }
      }
    }
  },
  "rewards": {
    "function": "bacaped_rewards:nether/show_the_wither_his_home"
  }
}